"id","prob_A","prob_B","prob_C","prob_D","prob_E"
1,0.15,0.3,0.35,0.15,0.05
2,0.05,0,0.3,0.6,0.05
3,0.15,0.3,0.3,0.1,0.15
4,0.75,0.25,0,0,0
5,0.05,0.4,0.5,0.05,0
6,0,0.5,0.35,0.15,0
7,0.05,0.3,0.3,0.25,0.1
8,0.45,0.3,0.25,0,0
9,0.15,0.25,0.5,0.05,0.05
10,0,0.05,0.45,0.45,0.05
11,0.55,0.2,0.15,0.05,0.05
12,0,0,0.05,0.85,0.1
13,0.15,0.2,0.2,0.35,0.1
14,0.05,0,0.05,0.25,0.65
15,0,0.05,0.1,0.45,0.4
16,0,0.1,0.3,0.35,0.25
17,0,0.05,0,0.4,0.55
18,0.15,0.2,0.35,0,0.3
19,0.05,0.1,0.1,0.05,0.7
20,0,0.05,0.15,0.8,0
21,0,0,0.15,0.5,0.35
22,0.05,0.2,0.45,0.3,0
23,0,0,0.1,0.55,0.35
24,0,0,0.25,0.3,0.45
25,0.4,0.55,0.05,0,0
26,0,0.05,0.5,0.2,0.25
27,0.05,0,0,0.05,0.9
28,0,0.1,0.25,0.35,0.3
29,0,0.05,0.25,0.7,0
30,0.1,0.5,0.3,0,0.1
31,0.95,0.05,0,0,0
32,0.05,0,0.1,0.25,0.6
33,0.05,0.1,0.3,0.4,0.15
34,0.1,0.2,0.25,0.25,0.2
35,0.35,0.65,0,0,0
36,0.75,0.1,0.1,0.05,0
37,0.05,0.1,0.2,0.3,0.35
38,0,0,0.1,0.1,0.8
39,0.3,0.1,0.35,0.2,0.05
40,0,0,0,0.4,0.6
41,0.05,0.25,0.45,0.15,0.1
42,0.25,0.1,0.4,0.25,0
43,0,0.1,0.2,0.5,0.2
44,0,0.15,0.65,0.2,0
45,0.15,0.5,0.3,0.05,0
46,0.05,0,0,0.15,0.8
47,0.1,0.75,0.1,0.05,0
48,0.25,0.55,0.15,0.05,0
49,0.15,0.25,0.4,0.2,0
50,0.05,0.6,0.35,0,0
51,0.3,0.6,0.05,0.05,0
52,0.1,0.3,0.15,0.3,0.15
53,0,0.1,0.4,0.45,0.05
54,0.1,0.05,0.15,0.45,0.25
55,0,0.1,0.55,0.35,0
56,0.95,0,0,0.05,0
57,0.05,0.15,0.4,0.4,0
58,0.25,0.7,0,0,0.05
59,0.4,0.35,0.25,0,0
60,0.1,0.65,0.2,0,0.05
61,0.15,0.3,0.3,0.25,0
62,0,0.05,0.3,0.45,0.2
63,0.05,0.05,0.55,0.3,0.05
64,0.05,0,0.1,0.3,0.55
65,0.15,0.25,0.6,0,0
66,0,0,0.25,0.55,0.2
67,0.15,0.25,0.15,0.2,0.25
68,0,0.05,0.2,0.7,0.05
69,0.05,0.1,0.05,0.45,0.35
70,0.15,0.3,0.35,0.1,0.1
71,0,0,0.25,0.35,0.4
72,0,0,0,0.3,0.7
73,0,0,0.1,0.3,0.6
74,0,0,0,0.2,0.8
75,0.05,0.1,0.2,0.6,0.05
76,0,0,0.1,0.15,0.75
77,0,0,0.35,0.6,0.05
78,0,0.15,0,0.3,0.55
79,0.05,0.2,0.55,0.1,0.1
80,0.05,0,0.25,0.4,0.3
81,0.05,0.25,0.3,0.3,0.1
82,0.1,0.5,0.4,0,0
83,0.35,0.6,0,0.05,0
84,0,0.2,0.25,0.55,0
85,0,0.1,0.7,0.2,0
86,0.05,0.2,0.1,0.45,0.2
87,0.1,0.45,0.4,0.05,0
88,0,0.05,0.1,0.45,0.4
89,0.7,0.3,0,0,0
90,0,0.05,0.25,0.25,0.45
91,0,0,0.05,0.25,0.7
92,0,0,0.05,0.4,0.55
93,0,0,0.8,0.15,0.05
94,0.1,0,0.1,0.2,0.6
95,0.1,0.15,0.35,0.25,0.15
96,0.05,0.25,0.6,0.1,0
97,0.35,0.55,0.1,0,0
98,0.05,0.45,0.35,0.1,0.05
99,0,0.2,0.5,0.3,0
100,0.05,0.55,0.3,0.1,0
101,0.25,0.25,0.3,0.2,0
102,0,0.35,0.6,0.05,0
103,0,0,0.1,0.3,0.6
104,0.2,0.45,0.3,0.05,0
105,0.2,0.4,0.3,0.1,0
106,0,0,0.65,0.3,0.05
107,0.2,0.25,0.35,0.2,0
108,0.15,0.6,0.2,0.05,0
109,0,0.05,0.05,0.25,0.65
110,0,0.05,0.05,0.7,0.2
111,0.05,0,0.05,0.3,0.6
112,0.15,0.5,0.35,0,0
113,0.6,0.4,0,0,0
114,0.35,0.55,0.1,0,0
115,0.05,0.6,0.35,0,0
116,0,0.2,0.5,0.3,0
117,0.1,0.65,0.25,0,0
118,0.25,0.25,0.2,0.15,0.15
119,0.05,0.4,0.5,0.05,0
120,0,0.05,0.05,0.2,0.7
121,0.15,0.4,0.4,0.05,0
122,0.05,0.05,0,0.85,0.05
123,0.05,0.15,0.2,0.05,0.55
124,0.25,0.15,0.15,0.25,0.2
125,0,0.05,0.05,0.3,0.6
126,0.15,0.3,0.25,0.05,0.25
127,0.15,0.2,0.5,0.15,0
128,0,0,0.25,0.55,0.2
129,0.25,0.75,0,0,0
130,0,0,0.1,0.25,0.65
131,0.15,0.65,0.2,0,0
132,0,0.2,0.6,0.2,0
133,0.05,0.1,0.25,0.6,0
134,0,0.15,0.35,0.35,0.15
135,0.75,0.25,0,0,0
136,0,0.15,0.35,0.4,0.1
137,0,0.1,0.1,0,0.8
138,0.6,0.35,0.05,0,0
139,0.4,0.45,0.15,0,0
140,0.1,0.1,0.65,0.1,0.05
141,0,0,0.1,0.05,0.85
142,0.7,0.3,0,0,0
143,0.05,0.4,0.15,0.2,0.2
144,0,0.25,0.45,0.3,0
145,0,0,0.05,0.25,0.7
146,0.1,0.55,0.3,0.05,0
147,0.15,0.5,0.25,0.1,0
148,0.1,0.5,0.35,0.05,0
149,0,0.1,0.1,0.35,0.45
150,0.1,0.45,0.3,0.1,0.05
151,0,0.05,0.15,0.35,0.45
152,0.1,0.05,0.1,0.25,0.5
153,0,0.1,0.4,0.35,0.15
154,0,0,0,0.35,0.65
155,0,0,0.3,0.45,0.25
156,0.05,0.2,0.45,0.3,0
157,0,0.35,0.4,0.2,0.05
158,0.1,0.6,0.3,0,0
159,0.15,0.5,0.25,0.05,0.05
160,0,0,0,0.4,0.6
161,0,0.05,0,0.45,0.5
162,0.05,0,0.4,0.5,0.05
163,0.05,0.15,0.4,0.3,0.1
164,0,0.5,0.4,0.1,0
165,0.1,0.65,0.25,0,0
166,0.15,0.35,0.45,0.05,0
167,0,0.05,0.1,0.55,0.3
168,0,0.05,0.2,0.25,0.5
169,0,0.05,0.3,0.4,0.25
170,0.1,0.15,0.55,0.2,0
171,0.05,0.25,0.5,0.2,0
172,0.05,0.1,0.4,0.35,0.1
173,0.1,0.15,0.35,0.35,0.05
174,0.15,0.45,0.25,0.05,0.1
175,0,0.45,0.45,0,0.1
176,0,0,0,0.25,0.75
177,0,0,0,0.3,0.7
178,0.15,0.5,0.3,0.05,0
179,0.05,0.75,0.15,0.05,0
180,0.05,0.8,0.1,0.05,0
181,0.15,0.45,0.3,0.1,0
182,0,0.05,0,0.3,0.65
183,0.2,0.35,0.3,0,0.15
184,0.1,0.7,0.15,0.05,0
185,0,0.5,0.45,0.05,0
186,0.25,0.5,0.2,0.05,0
187,0.05,0.15,0.45,0.3,0.05
188,0,0.1,0.15,0.45,0.3
189,0.05,0.4,0.35,0.2,0
190,0,0.05,0.1,0.75,0.1
191,0.2,0.4,0.3,0.1,0
192,0,0.05,0.1,0.4,0.45
193,0.55,0.25,0.1,0.05,0.05
194,0,0.05,0.15,0.35,0.45
195,0.05,0.1,0.35,0.2,0.3
196,0.6,0.25,0.1,0.05,0
197,0,0,0.15,0.65,0.2
198,0,0.25,0.6,0.15,0
199,0.95,0.05,0,0,0
200,0.05,0,0,0.3,0.65
201,0,0.05,0.1,0.25,0.6
202,0.05,0.2,0.25,0.3,0.2
203,0,0.05,0.7,0.2,0.05
204,0,0.1,0.05,0.25,0.6
205,0.2,0.4,0.35,0.05,0
206,0,0,0.25,0.5,0.25
207,0,0.05,0.15,0.35,0.45
208,0.05,0.15,0.25,0.15,0.4
209,0,0.05,0,0.25,0.7
210,0,0.05,0.1,0.2,0.65
211,0.25,0.6,0.1,0.05,0
212,0.1,0.45,0.3,0.05,0.1
213,0.2,0.25,0.5,0.05,0
214,0,0.1,0.2,0.65,0.05
215,0.4,0.55,0,0.05,0
216,0.1,0.5,0.2,0.2,0
217,0,0,0.55,0.4,0.05
218,0.05,0.15,0.15,0.65,0
219,0.05,0.4,0.4,0.15,0
220,0.05,0.1,0.05,0.45,0.35
221,0.3,0.55,0.15,0,0
222,0,0.05,0.25,0.35,0.35
223,0,0.05,0.05,0.85,0.05
224,0.05,0.25,0.45,0.25,0
225,0,0.15,0.25,0.5,0.1
226,0,0.05,0,0.25,0.7
227,0,0.15,0.25,0.25,0.35
228,0.1,0.25,0.25,0.2,0.2
229,0,0,0,0.05,0.95
230,0,0,0.15,0.55,0.3
231,0.05,0.9,0,0.05,0
232,0.3,0.25,0.4,0.05,0
233,0,0,0,0.2,0.8
234,0.15,0.3,0.3,0.2,0.05
235,0,0.4,0.4,0.2,0
236,0.15,0.7,0.15,0,0
237,0.05,0.25,0.5,0.2,0
238,0.05,0.25,0.05,0.45,0.2
239,0,0,0.35,0.5,0.15
240,0,0.2,0.75,0,0.05
241,0.45,0.25,0.25,0.05,0
242,0,0.4,0.1,0.25,0.25
243,0.3,0.65,0.05,0,0
244,0.2,0.8,0,0,0
245,0.1,0.35,0.35,0.2,0
246,0.3,0.65,0.05,0,0
247,0,0.5,0.45,0.05,0
248,0.05,0.05,0.35,0.4,0.15
249,0.25,0.6,0.15,0,0
250,0,0.05,0,0.2,0.75
251,0.1,0.9,0,0,0
252,0,0.05,0.1,0.35,0.5
253,0,0,0.3,0.6,0.1
254,0.45,0.35,0.15,0.05,0
255,0.3,0.45,0.1,0.05,0.1
256,0.05,0,0.15,0.35,0.45
257,0.15,0.65,0.15,0.05,0
258,0.6,0.35,0.05,0,0
259,0,0.25,0.55,0.2,0
260,0.1,0.3,0.55,0.05,0
261,0.05,0,0,0.05,0.9
262,0.2,0.5,0.15,0,0.15
263,0,0.1,0.2,0.35,0.35
264,0.1,0.4,0.3,0.15,0.05
265,0.05,0.6,0.15,0.2,0
266,0,0.1,0.25,0.35,0.3
267,0.3,0.35,0.35,0,0
268,0.05,0.6,0.15,0.2,0
269,0.7,0.3,0,0,0
270,0.1,0.35,0.55,0,0
271,0,0.05,0.05,0.25,0.65
272,0.05,0.4,0.15,0.4,0
273,0,0,0.15,0.2,0.65
274,0,0,0.1,0.2,0.7
275,0,0.1,0.1,0.15,0.65
276,0.05,0.3,0.65,0,0
277,0.05,0.2,0.45,0.2,0.1
278,0,0.2,0.25,0.35,0.2
279,0,0.5,0.4,0.1,0
280,0.2,0.35,0.2,0.1,0.15
281,0,0,0.1,0.15,0.75
282,0,0.05,0.15,0.4,0.4
283,0.95,0.05,0,0,0
284,0,0.15,0,0.25,0.6
285,0.05,0.05,0.1,0.3,0.5
286,0,0,0,0.2,0.8
287,0,0.45,0.55,0,0
288,0.05,0.15,0.1,0.1,0.6
289,0,0,0.05,0.1,0.85
290,0,0,0,0.1,0.9
291,0.05,0.1,0.5,0.35,0
292,0,0.5,0.4,0.1,0
293,0.4,0.4,0.2,0,0
294,0.1,0.5,0.4,0,0
295,0.75,0.25,0,0,0
296,0.25,0.45,0.1,0.05,0.15
297,0.8,0.2,0,0,0
298,0,0.1,0.75,0.15,0
299,0.15,0,0.6,0.25,0
300,0,0.1,0.3,0.6,0
301,0.1,0.65,0.25,0,0
302,0.1,0.55,0.3,0.05,0
303,0,0,0,0.1,0.9
304,0,0.1,0.3,0.55,0.05
305,0,0.05,0.15,0.15,0.65
306,0,0.05,0.05,0.2,0.7
307,0,0.1,0.7,0.2,0
308,0,0,0,0,1
309,0.3,0.4,0.25,0.05,0
310,0,0,0,0.45,0.55
311,0,0.05,0.1,0.45,0.4
312,0,0,0.1,0.35,0.55
313,0.25,0.6,0.15,0,0
314,0,0.05,0.35,0.6,0
315,0,0.05,0.25,0.4,0.3
316,0,0.05,0.25,0.7,0
317,0.05,0.2,0.6,0.15,0
318,0.05,0,0.4,0.3,0.25
319,0.05,0.3,0.35,0.25,0.05
320,0.1,0.65,0.25,0,0
321,0.15,0.4,0.4,0.05,0
322,0,0,0.05,0.1,0.85
323,0.25,0.3,0.4,0.05,0
324,0,0,0.25,0.55,0.2
325,0,0,0.1,0.35,0.55
326,0.35,0.6,0.05,0,0
327,0.2,0.25,0.4,0.15,0
328,0.15,0.05,0,0.3,0.5
329,0.05,0.7,0.1,0.15,0
330,0.15,0.45,0.4,0,0
331,0,0.2,0.15,0.55,0.1
332,0.1,0.6,0.25,0,0.05
333,0,0.1,0.6,0.3,0
334,0.05,0.05,0.05,0.35,0.5
335,0.15,0.3,0.4,0.05,0.1
336,0.1,0.2,0.4,0.25,0.05
337,0.05,0.05,0.35,0.4,0.15
338,0.25,0.65,0.05,0.05,0
339,0,0,0.05,0.3,0.65
340,0,0,0,0.1,0.9
341,0,0,0.05,0.25,0.7
342,0.4,0.55,0.05,0,0
343,0.2,0.4,0.2,0.15,0.05
344,0,0,0.2,0.35,0.45
345,0,0,0.4,0.55,0.05
346,0,0.05,0.75,0.2,0
347,0,0,0.1,0.1,0.8
348,0.1,0.55,0.35,0,0
349,0.3,0.6,0.1,0,0
350,0.05,0.3,0.05,0.4,0.2
351,0,0,0.05,0.85,0.1
352,0,0.05,0.25,0.7,0
353,0.45,0.35,0.15,0.05,0
354,0,0,0.05,0.5,0.45
355,0.15,0.3,0.3,0.2,0.05
356,0,0,0,0.3,0.7
357,0.25,0.5,0.25,0,0
358,0,0.05,0.1,0.45,0.4
359,0,0.4,0.45,0.1,0.05
360,0.05,0.1,0.05,0.45,0.35
361,0.15,0.4,0.35,0.1,0
362,0.05,0,0.3,0.6,0.05
363,0.55,0.25,0.15,0.05,0
364,0.05,0.45,0.2,0.2,0.1
365,0,0.05,0.1,0.55,0.3
366,0,0.1,0.15,0.7,0.05
367,0.15,0.6,0.15,0.1,0
368,0.05,0.1,0.55,0.3,0
369,0.2,0.75,0,0,0.05
370,0,0.3,0.45,0.25,0
371,0.05,0.15,0.2,0.35,0.25
372,0,0.1,0.55,0.35,0
373,0.05,0.35,0.55,0.05,0
374,0.05,0,0.1,0.1,0.75
375,0.05,0.1,0.5,0.25,0.1
376,0.05,0,0.25,0.3,0.4
377,0.25,0.65,0.05,0.05,0
378,0,0,0.05,0.2,0.75
379,0,0,0.1,0.2,0.7
380,0.05,0.5,0.35,0.1,0
381,0.05,0.35,0.55,0.05,0
382,0,0,0.15,0.65,0.2
383,0.05,0,0,0.25,0.7
384,0.2,0.45,0.2,0.1,0.05
385,0.15,0.25,0.2,0.35,0.05
386,0.2,0.45,0.35,0,0
387,0.1,0.3,0.5,0.1,0
388,0.05,0.15,0.6,0.2,0
389,0.15,0.7,0.15,0,0
390,0.25,0.7,0.05,0,0
391,0.05,0.5,0.4,0.05,0
392,0.6,0.3,0.1,0,0
393,0.1,0.2,0.3,0.15,0.25
394,0.25,0.7,0,0.05,0
395,0.05,0.4,0.25,0.3,0
396,0,0,0,0.3,0.7
397,0.3,0.55,0.05,0.1,0
398,0.05,0.2,0.25,0.3,0.2
399,0,0,0.05,0.35,0.6
400,0.3,0.55,0.15,0,0
401,0.25,0.65,0.1,0,0
402,0,0.3,0.2,0.15,0.35
403,0,0.05,0,0.15,0.8
404,0.65,0.3,0.05,0,0
405,0.15,0.15,0.2,0.5,0
406,0,0,0.25,0.6,0.15
407,0.1,0.5,0.25,0.15,0
408,0.1,0.2,0.45,0.2,0.05
409,0.05,0.6,0.35,0,0
410,0.05,0,0.05,0.45,0.45
411,0.05,0.45,0.4,0.1,0
412,0.15,0.8,0,0.05,0
413,0.05,0,0.3,0.55,0.1
414,0.1,0.2,0.45,0.25,0
415,0.1,0.55,0.2,0.15,0
416,0.05,0.5,0.3,0.15,0
417,0,0.1,0.35,0.35,0.2
418,0,0,0.25,0.7,0.05
419,0.05,0.05,0.05,0.45,0.4
420,0,0.1,0.45,0.4,0.05
421,0,0.25,0.35,0.4,0
422,0.15,0.55,0.3,0,0
423,0,0,0.15,0.3,0.55
424,0.15,0.65,0.15,0.05,0
425,0,0.3,0.25,0.1,0.35
426,0.05,0.2,0.6,0.15,0
427,0.05,0.95,0,0,0
428,0,0.05,0.2,0.6,0.15
429,0,0,0.05,0.45,0.5
430,0,0.05,0.25,0.4,0.3
431,0.4,0.45,0.05,0.1,0
432,0,0.45,0.45,0.1,0
433,0.1,0.35,0.35,0.2,0
434,0,0.2,0.55,0.2,0.05
435,0,0,0,0,1
436,0.35,0.45,0.2,0,0
437,0.05,0.2,0.35,0.2,0.2
438,0.1,0.3,0.5,0.05,0.05
439,0,0,0.15,0.6,0.25
440,0.15,0.35,0.15,0.15,0.2
441,0,0.1,0.35,0.25,0.3
442,0,0,0.25,0.35,0.4
443,0.15,0.2,0.5,0.15,0
444,0,0,0,0.35,0.65
445,0.05,0.35,0.35,0.25,0
446,0,0,0.1,0.6,0.3
447,0.45,0.4,0.15,0,0
448,0.85,0.1,0,0.05,0
449,0,0.2,0.7,0.1,0
450,0,0,0.2,0.65,0.15
451,0.3,0.5,0.15,0,0.05
452,0.05,0,0.1,0.4,0.45
453,0,0.2,0.2,0.55,0.05
454,0,0.05,0.1,0.5,0.35
455,0,0.05,0.1,0.55,0.3
456,0.15,0.25,0.45,0.15,0
457,0.1,0.1,0.3,0.4,0.1
458,0,0,0.15,0.65,0.2
459,0.05,0.2,0.3,0.1,0.35
460,0,0.05,0.25,0.4,0.3
461,0.05,0.25,0.4,0.2,0.1
462,0.05,0.1,0.05,0.4,0.4
463,0.7,0.3,0,0,0
464,0.05,0.35,0.45,0.15,0
465,0.1,0.5,0.25,0.1,0.05
466,0,0.4,0.45,0.15,0
467,0.05,0.15,0.4,0.3,0.1
468,0.1,0.45,0.3,0.1,0.05
469,0.5,0.35,0.15,0,0
470,0.05,0.1,0.4,0.1,0.35
471,0.05,0.65,0.3,0,0
472,0.25,0.5,0.2,0.05,0
473,0.2,0.5,0.25,0,0.05
474,0.35,0.3,0.15,0.2,0
475,0.1,0.4,0.4,0.1,0
476,0,0,0.3,0.5,0.2
477,0.1,0.5,0.25,0.1,0.05
478,0.15,0.15,0.2,0.3,0.2
479,0,0.6,0.35,0.05,0
480,0,0,0.3,0.65,0.05
481,0,0,0.3,0.45,0.25
482,0.2,0.25,0.3,0.1,0.15
483,0.1,0.55,0.15,0.15,0.05
484,0.15,0.5,0.35,0,0
485,0.1,0.3,0.4,0.2,0
486,0,0,0.05,0.6,0.35
487,0.2,0.4,0.2,0.05,0.15
488,0,0.2,0.1,0.2,0.5
489,0.65,0.35,0,0,0
490,0,0,0.05,0.75,0.2
491,0,0,0.35,0.45,0.2
492,0,0.2,0.35,0.3,0.15
493,0,0,0.15,0.3,0.55
494,0,0,0.15,0.35,0.5
495,0,0,0,0.2,0.8
496,0.05,0.3,0.15,0.5,0
497,0,0.25,0.5,0.25,0
498,0,0,0.15,0.65,0.2
499,0.25,0.6,0.1,0.05,0
500,0.15,0.65,0.2,0,0
501,0,0.15,0.2,0.35,0.3
502,0.15,0.5,0.35,0,0
503,0.1,0.1,0.05,0.4,0.35
504,0,0.4,0.55,0,0.05
505,0,0,0.05,0,0.95
506,0.1,0.25,0.5,0.15,0
507,0,0.05,0.05,0.85,0.05
508,0.15,0.7,0.15,0,0
509,0,0.05,0,0.15,0.8
510,0,0,0.15,0.4,0.45
511,0.15,0.15,0.4,0.3,0
512,0,0.05,0.2,0.75,0
513,0,0.1,0.25,0.35,0.3
514,0.1,0.65,0.25,0,0
515,0.2,0.75,0.05,0,0
516,0.2,0.4,0.2,0.2,0
517,0,0.05,0.35,0.6,0
518,0.15,0.35,0.35,0.1,0.05
519,0,0,0.3,0.3,0.4
520,0,0.1,0.15,0.75,0
521,0.45,0.4,0.1,0.05,0
522,0,0,0.45,0.35,0.2
523,0.05,0.2,0.6,0.15,0
524,0.05,0.4,0.25,0.25,0.05
525,0.15,0.25,0.6,0,0
526,0,0,0.3,0.4,0.3
527,0,0.1,0.25,0.6,0.05
528,0.2,0.75,0.05,0,0
529,0.25,0.7,0.05,0,0
530,0,0,0,0.05,0.95
531,0.1,0.5,0.35,0.05,0
532,0.05,0.05,0,0,0.9
533,0,0.05,0.2,0.55,0.2
534,0.05,0.15,0.6,0.15,0.05
535,0,0,0.05,0.15,0.8
536,0.15,0.35,0.4,0.05,0.05
537,0.1,0.4,0.4,0.1,0
538,0.15,0.45,0.3,0,0.1
539,0,0,0,0.35,0.65
540,0,0,0.05,0.3,0.65
541,0,0,0.15,0.25,0.6
542,0.15,0.5,0.35,0,0
543,0.05,0.1,0.5,0.35,0
544,0,0.15,0.6,0.25,0
545,0,0,0.05,0.15,0.8
546,0.2,0.5,0.15,0.15,0
547,0,0,0,0.05,0.95
548,0.1,0.3,0.4,0,0.2
549,0.25,0.4,0.2,0,0.15
550,0.05,0,0.05,0.5,0.4
551,0,0,0.05,0.15,0.8
552,0,0.15,0.25,0.35,0.25
553,0.05,0.05,0.55,0.3,0.05
554,0.25,0.35,0.4,0,0
555,0.1,0.65,0.2,0.05,0
556,0,0.1,0.6,0.2,0.1
557,0.1,0.35,0.45,0.1,0
558,0.45,0.35,0.15,0.05,0
559,0.1,0.05,0.1,0.2,0.55
560,0.05,0.15,0.5,0.25,0.05
561,0.5,0.2,0.2,0.05,0.05
562,0.05,0.65,0.2,0.1,0
563,0.05,0,0.3,0.55,0.1
564,0.1,0.4,0.35,0.15,0
565,0.05,0,0.3,0.6,0.05
566,0,0,0,0.2,0.8
567,0.05,0.1,0.1,0.6,0.15
568,0,0.2,0.55,0.2,0.05
569,0,0,0.05,0.35,0.6
570,0.05,0.35,0.5,0.1,0
571,0,0.55,0.35,0.1,0
572,0.1,0.2,0.5,0.15,0.05
573,0.25,0.45,0.3,0,0
574,0,0,0.1,0.55,0.35
575,0,0.1,0.05,0.35,0.5
576,0,0,0,0.05,0.95
577,0.65,0.35,0,0,0
578,0,0.2,0.7,0.1,0
579,0,0,0.15,0.75,0.1
580,0,0.15,0.2,0.5,0.15
581,0,0.05,0,0.4,0.55
582,0.15,0.35,0.2,0.25,0.05
583,0,0.1,0.05,0.35,0.5
584,0,0.25,0.45,0.15,0.15
585,0.65,0.2,0.1,0,0.05
586,0.2,0.15,0.5,0.15,0
587,0.05,0.6,0.2,0.15,0
588,0.05,0.05,0.35,0.4,0.15
589,0,0,0.25,0.5,0.25
590,0.95,0,0,0.05,0
591,0.05,0.05,0.2,0.5,0.2
592,0,0,0.05,0.55,0.4
593,0.05,0.35,0.45,0.1,0.05
594,0,0.55,0.4,0.05,0
595,0,0.05,0.55,0.3,0.1
596,0.1,0.45,0.35,0.1,0
597,0.65,0.3,0.05,0,0
598,0,0,0,0.35,0.65
599,0.15,0.6,0.2,0,0.05
600,0.2,0.3,0.15,0.25,0.1
601,0,0,0,0.45,0.55
602,0,0.05,0.2,0.15,0.6
603,0.05,0.25,0.55,0.15,0
604,0.15,0.65,0.2,0,0
605,0,0,0.1,0,0.9
606,0,0.15,0.1,0.35,0.4
607,0,0.05,0.35,0.2,0.4
608,0,0,0.25,0.25,0.5
609,0.05,0.2,0.4,0.1,0.25
610,0,0.15,0.55,0.25,0.05
611,0.25,0.55,0.15,0.05,0
612,0.1,0.45,0.25,0.2,0
613,0,0.05,0,0.4,0.55
614,0,0,0.05,0.55,0.4
615,0.15,0.75,0.05,0,0.05
616,0.1,0.5,0.35,0.05,0
617,0.1,0.6,0.15,0.1,0.05
618,0.05,0.05,0.4,0.45,0.05
619,0,0.2,0.7,0.1,0
620,0.45,0.45,0.05,0.05,0
621,0,0.2,0.45,0.25,0.1
622,0,0.3,0.3,0.35,0.05
623,0.95,0,0,0.05,0
624,0.05,0.6,0.35,0,0
625,0.25,0.3,0.35,0.1,0
626,0,0.65,0.35,0,0
627,0.05,0.55,0.35,0.05,0
628,0.15,0.4,0.25,0.2,0
629,0.05,0.15,0.4,0.35,0.05
630,0.6,0.35,0.05,0,0
631,0,0.05,0.3,0.6,0.05
632,0.5,0.3,0.15,0.05,0
633,0.2,0.55,0.2,0.05,0
634,0.25,0.5,0.25,0,0
635,0.15,0.7,0.15,0,0
636,0,0,0.15,0.5,0.35
637,0.05,0.1,0.45,0.3,0.1
638,0.05,0.1,0.5,0.15,0.2
639,0,0,0.15,0.5,0.35
640,0.15,0,0.35,0.45,0.05
641,0.05,0.2,0.35,0.4,0
642,0.8,0.1,0.05,0,0.05
643,0.15,0.25,0.6,0,0
644,0,0.15,0.2,0.5,0.15
645,0.05,0.05,0.5,0.35,0.05
646,0,0,0,0.25,0.75
647,0,0.2,0.15,0.4,0.25
648,0,0,0.15,0.5,0.35
649,0.05,0,0.15,0.15,0.65
650,0.15,0.15,0.4,0.3,0
651,0.1,0.1,0.25,0.3,0.25
652,0,0.5,0.4,0.1,0
653,0.15,0.8,0.05,0,0
654,0.1,0.6,0.2,0.05,0.05
655,0,0,0.2,0.45,0.35
656,0.15,0.6,0.15,0.1,0
657,0.05,0.35,0.5,0.1,0
658,0,0.15,0.4,0.4,0.05
659,0.45,0.3,0.25,0,0
660,0.15,0.25,0.2,0.2,0.2
661,0,0.05,0.2,0.75,0
662,0.15,0.5,0.3,0.05,0
663,0,0,0.3,0.65,0.05
664,0,0,0.2,0.6,0.2
665,0,0,0.15,0.7,0.15
666,0.25,0.4,0.25,0.1,0
667,0,0,0,0.1,0.9
668,0.1,0.2,0.3,0.2,0.2
669,0.1,0.15,0.2,0.2,0.35
670,0,0.1,0.6,0.3,0
671,0.75,0.25,0,0,0
672,0.1,0.6,0.3,0,0
673,0,0.05,0.05,0,0.9
674,0.35,0.35,0.25,0.05,0
675,0,0,0.25,0.55,0.2
676,0.4,0.5,0.05,0.05,0
677,0.95,0.05,0,0,0
678,0.4,0.45,0.15,0,0
679,0,0.05,0.15,0.4,0.4
680,0.4,0.3,0.25,0.05,0
681,0.25,0.2,0.3,0.15,0.1
682,0.1,0.2,0.6,0.05,0.05
683,0.35,0.3,0.2,0.15,0
684,0.05,0,0.75,0.2,0
685,0.1,0.15,0.45,0.3,0
686,0.2,0.5,0.25,0.05,0
687,0,0.05,0.15,0.55,0.25
688,0,0,0,0.15,0.85
689,0,0,0.25,0.35,0.4
690,0.05,0.3,0.6,0.05,0
691,0.4,0.5,0.1,0,0
692,0,0.3,0.65,0.05,0
693,0.2,0.35,0.35,0.1,0
694,0.05,0,0.45,0.45,0.05
695,0.05,0.05,0.1,0.35,0.45
696,0,0.1,0.6,0.3,0
697,0.1,0.4,0.2,0.2,0.1
698,0,0,0.1,0.25,0.65
699,0,0.05,0.25,0.45,0.25
700,0.05,0.2,0.35,0.2,0.2
701,0.3,0.15,0.55,0,0
702,0.05,0.1,0.3,0.55,0
703,0,0.15,0.15,0.3,0.4
704,0.1,0.25,0.3,0.25,0.1
705,0.15,0.3,0.55,0,0
706,0,0,0.2,0.4,0.4
707,0.1,0.45,0.25,0.15,0.05
708,0,0,0.3,0.6,0.1
709,0.05,0.3,0.5,0,0.15
710,0.05,0.1,0.35,0.25,0.25
711,0,0,0.15,0.55,0.3
712,0.05,0,0.2,0.2,0.55
713,0,0,0.15,0.55,0.3
714,0,0,0,0.15,0.85
715,0.1,0.5,0.25,0.15,0
716,0.1,0.75,0.15,0,0
717,0,0,0.25,0.6,0.15
718,0.45,0.55,0,0,0
719,0,0,0.05,0.5,0.45
720,0.2,0.65,0.1,0,0.05
721,0,0.25,0.2,0.5,0.05
722,0,0,0.2,0.5,0.3
723,0,0.35,0.5,0.1,0.05
724,0,0,0,0.35,0.65
725,0.55,0.15,0.2,0.1,0
726,0.25,0.05,0.35,0.25,0.1
727,0,0,0.2,0.4,0.4
728,0,0.05,0,0.3,0.65
729,0.15,0.55,0.25,0,0.05
730,0.1,0.3,0.45,0.15,0
731,0.1,0.45,0.45,0,0
732,0,0.05,0.2,0.4,0.35
733,0,0.3,0.3,0.35,0.05
734,0.05,0.5,0.4,0.05,0
735,0.05,0.2,0.45,0.25,0.05
736,0,0,0.4,0.25,0.35
737,0.05,0.3,0.3,0.25,0.1
738,0.35,0.4,0.15,0.1,0
739,0.1,0.45,0.4,0.05,0
740,0,0.15,0.4,0.4,0.05
741,0,0,0,0.25,0.75
742,0,0.15,0.6,0.25,0
743,0,0.05,0,0.1,0.85
744,0.15,0.5,0.1,0.25,0
745,0.3,0.35,0.1,0.25,0
746,0,0,0.2,0.3,0.5
747,0,0.15,0.4,0.4,0.05
748,0.35,0.4,0.15,0.05,0.05
749,0.05,0.15,0.45,0.3,0.05
750,0,0,0.1,0.7,0.2
751,0,0,0.3,0.45,0.25
752,0.05,0.9,0,0.05,0
753,0.1,0.5,0.3,0.1,0
754,0,0.05,0.25,0.5,0.2
755,0.35,0.15,0.2,0.05,0.25
756,0.05,0.5,0.35,0.1,0
757,0.55,0.25,0.2,0,0
758,0,0.05,0.15,0.45,0.35
759,0.2,0.3,0.2,0.25,0.05
760,0.1,0.4,0.35,0.1,0.05
761,0.05,0.15,0.15,0.3,0.35
762,0.05,0.2,0.15,0.4,0.2
763,0.1,0.15,0.1,0.6,0.05
764,0.1,0.3,0.4,0.2,0
765,0.05,0.35,0.1,0.3,0.2
766,0.25,0.45,0.2,0.1,0
767,0,0.1,0.4,0.45,0.05
768,0.15,0.4,0.25,0.1,0.1
769,0.05,0.4,0.25,0.25,0.05
770,0.15,0.5,0.35,0,0
771,0,0.05,0.15,0.8,0
772,0.1,0.35,0.55,0,0
773,0,0,0,0.5,0.5
774,0.1,0.1,0.55,0.2,0.05
775,0,0.2,0.7,0.1,0
776,0.2,0.5,0.2,0.05,0.05
777,0.1,0.65,0.15,0.1,0
778,0.15,0.5,0.2,0.15,0
779,0.75,0.15,0.1,0,0
780,0.3,0.7,0,0,0
781,0.25,0.65,0.1,0,0
782,0.15,0.3,0.3,0.1,0.15
783,0,0.3,0.45,0.2,0.05
784,0,0.4,0.5,0.05,0.05
785,0.15,0.75,0.1,0,0
786,0,0.1,0.35,0.45,0.1
787,0.1,0.05,0,0.3,0.55
788,0.05,0.35,0.3,0.1,0.2
789,0.05,0.6,0.25,0.1,0
790,0.05,0.8,0.1,0.05,0
791,0,0.4,0.35,0.2,0.05
792,0.25,0.35,0.3,0.1,0
793,0.25,0.1,0.4,0.1,0.15
794,0.2,0.45,0.3,0,0.05
795,0,0.05,0.05,0.4,0.5
796,0.45,0.25,0.2,0.1,0
797,0,0,0.3,0.55,0.15
798,0.05,0.95,0,0,0
799,0.1,0.45,0.3,0.1,0.05
800,0.45,0.45,0.05,0.05,0
801,0.1,0.3,0.45,0.15,0
802,0.15,0.6,0.2,0.05,0
803,0,0.1,0.05,0,0.85
804,0,0,0.05,0.5,0.45
805,0.05,0.3,0.4,0.25,0
806,0.25,0.25,0.4,0.1,0
807,0.2,0.2,0.45,0.15,0
808,0.1,0.25,0.35,0.3,0
809,0.15,0.7,0.15,0,0
810,0,0.05,0.25,0.65,0.05
811,0.45,0.4,0.15,0,0
812,0,0.7,0.25,0.05,0
813,0.05,0.35,0.55,0.05,0
814,0.15,0.45,0.25,0.05,0.1
815,0,0.05,0.25,0.4,0.3
816,0,0,0.2,0.5,0.3
817,0.05,0,0.15,0.5,0.3
818,0.1,0.15,0.1,0.4,0.25
819,0.5,0.25,0.1,0,0.15
820,0,0.2,0.5,0.2,0.1
821,0,0,0,0.15,0.85
822,0.05,0.45,0.4,0.1,0
823,1,0,0,0,0
824,0,0,0,0.05,0.95
825,0,0,0.15,0.8,0.05
826,0.25,0.35,0.3,0.1,0
827,0,0.05,0,0.15,0.8
828,0.1,0.45,0.4,0.05,0
829,0.55,0.3,0.15,0,0
830,0.75,0.2,0.05,0,0
831,0,0.05,0.1,0.4,0.45
832,0.15,0.75,0.1,0,0
833,0.25,0.65,0.1,0,0
834,0,0,0.05,0.35,0.6
835,0,0,0.1,0.45,0.45
836,0.15,0.5,0.25,0.1,0
837,0.1,0.15,0.25,0.2,0.3
838,0,0,0.25,0.45,0.3
839,0,0.05,0.15,0.45,0.35
840,0.05,0.25,0.35,0.25,0.1
841,0.05,0,0.05,0.5,0.4
842,0.15,0.45,0.4,0,0
843,0,0,0,0.2,0.8
844,0.1,0.5,0.35,0.05,0
845,0,0,0.1,0.65,0.25
846,0,0.3,0.4,0.2,0.1
847,0.1,0.75,0.05,0.05,0.05
848,0,0.1,0.65,0.25,0
849,0.2,0.5,0.15,0.05,0.1
850,0,0,0.05,0.1,0.85
851,0.05,0.2,0.45,0.3,0
852,0,0.05,0,0.25,0.7
853,0.15,0.4,0.1,0.3,0.05
854,0.05,0.5,0.2,0.25,0
855,0.1,0.25,0.5,0.15,0
856,0.05,0.2,0.2,0.4,0.15
857,0,0.05,0.4,0.45,0.1
858,0,0.05,0,0.1,0.85
859,0,0.35,0.25,0.35,0.05
860,0.35,0.3,0.1,0.1,0.15
861,0.25,0.7,0.05,0,0
862,0.3,0.65,0.05,0,0
863,0.3,0.1,0,0.35,0.25
864,0,0,0,0.35,0.65
865,0.6,0.25,0.1,0,0.05
866,0.75,0.25,0,0,0
867,0,0.1,0.3,0.3,0.3
868,1,0,0,0,0
869,0.25,0.65,0.05,0,0.05
870,0,0.25,0.5,0.15,0.1
871,0.1,0.3,0.45,0.15,0
872,0.1,0.25,0.4,0.2,0.05
873,0,0.05,0.05,0.5,0.4
874,0,0,0,0,1
875,0.05,0,0.05,0.4,0.5
876,0.1,0.7,0.2,0,0
877,0.05,0.25,0.45,0.25,0
878,0.05,0.3,0.3,0.3,0.05
879,0,0.65,0.35,0,0
880,0.1,0.25,0.05,0.35,0.25
881,0,0.05,0.35,0.6,0
882,0.1,0.35,0.45,0.1,0
883,0,0.05,0.1,0.7,0.15
884,0,0.1,0.65,0.25,0
885,0,0,0.2,0.75,0.05
886,0.2,0.3,0.45,0.05,0
887,0.15,0.35,0.3,0.2,0
888,0.05,0.6,0.35,0,0
889,0.1,0.2,0.45,0.2,0.05
890,0.8,0.15,0.05,0,0
891,0.25,0.6,0.15,0,0
892,0,0,0.05,0.2,0.75
893,0.05,0,0.25,0.55,0.15
894,0.15,0.3,0.2,0.3,0.05
895,0,0,0.35,0.6,0.05
896,0,0,0.15,0.55,0.3
897,0.1,0.4,0.35,0.1,0.05
898,0,0.35,0.15,0.25,0.25
899,0.05,0.4,0.2,0.35,0
900,0,0.05,0.6,0.3,0.05
901,0.05,0.05,0.25,0.35,0.3
902,0.2,0.75,0.05,0,0
903,0.1,0.05,0.3,0.1,0.45
904,0,0.1,0.05,0.1,0.75
905,0.05,0.1,0.5,0.35,0
906,0.25,0.75,0,0,0
907,0,0.65,0.35,0,0
908,0.3,0.4,0.3,0,0
909,0.1,0.15,0.3,0.45,0
910,0.05,0.3,0.55,0.1,0
911,0.1,0.15,0.55,0.2,0
912,0.05,0.05,0.25,0.2,0.45
913,0,0.05,0.3,0.6,0.05
914,0,0,0.1,0.4,0.5
915,0.35,0.25,0.2,0.15,0.05
916,0.55,0.25,0.05,0.15,0
917,0,0.05,0.25,0.5,0.2
918,0.05,0,0.05,0.05,0.85
919,0.1,0.2,0.4,0.15,0.15
920,0.4,0.45,0.15,0,0
921,0,0.5,0.4,0.1,0
922,0,0,0.05,0.2,0.75
923,0.1,0.8,0.05,0.05,0
924,0.05,0.3,0.05,0.35,0.25
925,0.05,0,0,0.05,0.9
926,0.15,0.35,0.4,0.1,0
927,0,0.05,0,0.05,0.9
928,0,0.15,0.1,0.25,0.5
929,0.15,0.35,0.2,0.2,0.1
930,0.1,0.15,0.25,0.4,0.1
931,0,0.25,0.05,0.45,0.25
932,0.1,0.55,0.3,0,0.05
933,0.4,0.4,0.2,0,0
934,0,0,0.15,0.35,0.5
935,0.15,0.35,0.4,0.05,0.05
936,0.05,0.15,0.3,0.2,0.3
937,0.3,0.15,0.3,0.2,0.05
938,0.2,0.45,0.3,0.05,0
939,0.05,0.1,0.4,0.2,0.25
940,0.05,0.35,0.25,0.2,0.15
941,0.15,0.7,0.1,0,0.05
942,0,0,0.3,0.4,0.3
943,0,0.05,0.1,0.55,0.3
944,0.05,0,0,0,0.95
945,0.15,0.1,0.3,0.3,0.15
946,0.15,0.05,0.5,0.3,0
947,0.05,0,0.3,0.55,0.1
948,0,0.15,0.3,0.45,0.1
949,0.05,0.2,0.35,0.4,0
950,0.05,0.1,0.05,0.6,0.2
951,0,0,0.25,0.4,0.35
952,0.2,0.1,0.45,0.25,0
953,0.1,0.2,0.3,0.3,0.1
954,0.3,0.2,0.2,0.15,0.15
955,0,0.1,0.1,0,0.8
956,0.55,0.3,0.15,0,0
957,0,0,0,0.05,0.95
958,0.85,0.15,0,0,0
959,0.75,0.25,0,0,0
960,0.2,0.1,0.05,0.3,0.35
961,0.3,0.6,0.1,0,0
962,0,0,0,0.25,0.75
963,0.15,0.45,0.3,0.1,0
964,0.1,0.1,0.25,0.25,0.3
965,0.05,0.15,0.5,0.3,0
966,0,0.1,0.7,0.2,0
967,0,0,0.2,0.55,0.25
968,0.35,0.55,0.05,0.05,0
969,0.55,0.15,0.05,0.15,0.1
970,0.2,0.2,0.35,0.25,0
971,0,0.45,0.45,0.1,0
972,0.4,0.3,0.25,0.05,0
973,0,0.15,0.55,0.25,0.05
974,0.1,0.45,0.3,0.1,0.05
975,0.2,0.2,0.2,0.2,0.2
976,0.1,0.6,0.2,0.1,0
977,0.05,0.05,0.05,0.35,0.5
978,0,0.1,0.35,0.55,0
979,0.4,0.3,0.3,0,0
980,0,0,0.15,0.7,0.15
981,0.05,0.15,0.3,0.4,0.1
982,0,0.05,0.1,0.35,0.5
983,0.1,0.3,0.45,0.15,0
984,0,0.1,0.1,0,0.8
985,0,0,0.25,0.65,0.1
986,0,0.15,0.05,0,0.8
987,0.15,0.6,0.2,0.05,0
988,0.7,0.3,0,0,0
989,0.25,0.6,0.15,0,0
990,0.25,0.4,0.3,0.05,0
991,0,0,0.15,0.3,0.55
992,0,0,0.25,0.6,0.15
993,0.1,0.1,0.35,0.25,0.2
994,0.05,0.1,0.45,0.35,0.05
995,0.25,0.35,0.35,0.05,0
996,0.3,0.55,0.1,0,0.05
997,0.05,0.2,0.5,0.2,0.05
998,0,0.1,0.6,0.3,0
999,0.3,0.65,0.05,0,0
1000,0.1,0.1,0.25,0.35,0.2
1001,0,0,0,0.25,0.75
1002,0.45,0.5,0.05,0,0
1003,0.25,0.2,0.35,0.05,0.15
1004,0.05,0.25,0.35,0.2,0.15
1005,0,0.05,0.5,0.35,0.1
1006,0,0.15,0.3,0.35,0.2
1007,0,0.05,0.45,0.45,0.05
1008,0.25,0.4,0.3,0.05,0
1009,0,0.3,0.25,0.15,0.3
1010,0.2,0.25,0.25,0.25,0.05
1011,0.05,0.05,0.45,0.3,0.15
1012,0.2,0.65,0.15,0,0
1013,0.05,0.3,0.4,0.25,0
1014,0,0,0,0.4,0.6
1015,0,0.15,0.8,0.05,0
1016,0.15,0.35,0.15,0.2,0.15
1017,0.15,0.3,0.4,0.1,0.05
1018,0.4,0.3,0.3,0,0
1019,0.05,0,0,0.05,0.9
1020,0.15,0.05,0.5,0.3,0
1021,0.7,0.3,0,0,0
1022,0,0,0,0.2,0.8
1023,0,0.4,0.45,0.15,0
1024,0,0.1,0.1,0.5,0.3
1025,0,0,0.15,0.55,0.3
1026,0,0,0.05,0,0.95
1027,0.05,0,0.05,0,0.9
1028,0,0,0.05,0,0.95
1029,0,0,0,0.35,0.65
1030,0.25,0.7,0.05,0,0
1031,0.05,0.2,0.2,0.2,0.35
1032,0.1,0.3,0.3,0.1,0.2
1033,0.1,0.65,0.05,0.15,0.05
1034,0.3,0.7,0,0,0
1035,0.05,0.55,0.25,0,0.15
1036,0.05,0.2,0.15,0.15,0.45
1037,0,0,0,0.15,0.85
1038,0.55,0.3,0.1,0.05,0
1039,0.3,0.35,0.35,0,0
1040,0,0,0,0.4,0.6
1041,0,0.2,0.2,0.6,0
1042,0.35,0.55,0.1,0,0
1043,0,0.05,0.15,0.5,0.3
1044,0,0,0.1,0.7,0.2
1045,0,0.55,0.45,0,0
1046,0,0,0.15,0.4,0.45
1047,0.1,0.25,0.35,0.25,0.05
1048,0.05,0,0.15,0.5,0.3
1049,0.1,0.1,0.2,0.5,0.1
1050,0,0.15,0.4,0.4,0.05
1051,0,0.15,0.6,0.25,0
1052,0.05,0.2,0.55,0.2,0
1053,0.25,0.1,0.4,0.15,0.1
1054,0.15,0.35,0.5,0,0
1055,0,0,0.25,0.75,0
1056,0.3,0.3,0.25,0.15,0
1057,0,0.05,0.35,0.6,0
1058,0.05,0.2,0.4,0.3,0.05
1059,0.25,0.05,0.05,0.35,0.3
1060,0.05,0.9,0,0.05,0
1061,0.05,0.75,0.15,0.05,0
1062,0.1,0.5,0.25,0.1,0.05
1063,0.05,0.35,0.45,0.15,0
1064,0,0,0.1,0.25,0.65
1065,0.1,0.15,0.05,0.1,0.6
1066,0.3,0.7,0,0,0
1067,0.05,0.25,0.45,0,0.25
1068,0,0.1,0.75,0.15,0
1069,0.1,0.3,0.45,0.15,0
1070,0.05,0.25,0.25,0.2,0.25
1071,0.1,0.65,0.25,0,0
1072,0.1,0.15,0.3,0.35,0.1
1073,0.25,0.75,0,0,0
1074,0.1,0.35,0.2,0.3,0.05
1075,0,0,0.15,0.6,0.25
1076,0,0,0.3,0.55,0.15
1077,0,0,0.15,0.5,0.35
1078,0,0,0.15,0.6,0.25
1079,0,0,0.15,0.35,0.5
1080,0.25,0.6,0.1,0.05,0
1081,0.1,0.7,0.15,0,0.05
1082,0,0.1,0.45,0.35,0.1
1083,0.1,0.25,0.25,0.4,0
1084,0,0,0.15,0.7,0.15
1085,0.1,0.3,0.4,0.2,0
1086,0.4,0.35,0.2,0.05,0
1087,0.05,0.6,0.35,0,0
1088,0,0,0.15,0.3,0.55
1089,0.25,0.2,0.25,0.15,0.15
1090,0.05,0.3,0.35,0.1,0.2
1091,0.05,0.1,0.15,0.55,0.15
1092,0,0,0.3,0.6,0.1
1093,0,0,0,0,1
1094,0.35,0.5,0.15,0,0
1095,0.1,0.25,0.55,0.1,0
1096,0,0,0.2,0.65,0.15
1097,0,0.2,0.7,0.1,0
1098,0.55,0.35,0.1,0,0
1099,0.2,0.35,0.3,0.15,0
1100,0,0,0.25,0.7,0.05
1101,0,0.4,0.6,0,0
1102,0,0,0.1,0.65,0.25
1103,0,0,0,0.4,0.6
1104,0.1,0.05,0.05,0.5,0.3
1105,0,0.25,0.55,0.2,0
1106,0.95,0.05,0,0,0
1107,0.05,0.15,0.4,0.2,0.2
1108,0,0,0.25,0.45,0.3
1109,0.15,0.7,0.15,0,0
1110,0.3,0.35,0.25,0.1,0
1111,0,0.15,0.2,0.05,0.6
1112,0,0.75,0.2,0.05,0
1113,0.1,0.4,0.4,0.1,0
1114,0.15,0.3,0.45,0.05,0.05
1115,0.1,0.05,0.4,0.35,0.1
1116,0.2,0.6,0.15,0.05,0
1117,0.05,0.2,0.45,0.2,0.1
1118,0.95,0.05,0,0,0
1119,0.05,0.25,0.2,0.5,0
1120,0.2,0.35,0.35,0.05,0.05
1121,0,0.2,0.45,0.35,0
1122,0,0.05,0.65,0.3,0
1123,0,0,0.05,0.45,0.5
1124,0,0.2,0.7,0.1,0
1125,0.35,0.55,0.05,0.05,0
1126,0,0.05,0.05,0.25,0.65
1127,0.4,0.4,0.2,0,0
1128,0,0.35,0.4,0.15,0.1
1129,0,0.1,0.45,0.35,0.1
1130,0,0,0,0.45,0.55
1131,0.05,0,0.25,0.2,0.5
1132,0.05,0.2,0.45,0.15,0.15
1133,0,0,0.05,0.1,0.85
1134,0.4,0.55,0.05,0,0
1135,0.15,0.45,0.35,0.05,0
1136,0.1,0.2,0.45,0.25,0
1137,0.05,0.4,0.5,0.05,0
1138,0.15,0.6,0.25,0,0
1139,0,0.15,0.25,0.4,0.2
1140,0.05,0.05,0.1,0.4,0.4
1141,0.3,0.15,0.3,0.1,0.15
1142,0.05,0.55,0.35,0.05,0
1143,0,0,0,0,1
1144,0,0,0,0,1
1145,0.45,0.5,0.05,0,0
1146,0.1,0.3,0.35,0.15,0.1
1147,0,0.05,0.1,0.2,0.65
1148,0.4,0.35,0.15,0.05,0.05
1149,0.2,0.55,0.25,0,0
1150,0.05,0.1,0.25,0.55,0.05
1151,0,0,0.15,0.7,0.15
1152,0,0.1,0.2,0.7,0
1153,0,0,0.05,0.4,0.55
1154,0,0.05,0.25,0.35,0.35
1155,0,0.1,0.45,0.4,0.05
1156,0.05,0.2,0.3,0.45,0
1157,0,0,0,0.2,0.8
1158,0,0,0.15,0.55,0.3
1159,0,0.3,0.2,0.15,0.35
1160,0,0,0,0.4,0.6
1161,0.05,0.6,0.35,0,0
1162,0,0.05,0.5,0.4,0.05
1163,0.75,0.25,0,0,0
1164,0,0.05,0.4,0.5,0.05
1165,0,0,0,0.3,0.7
1166,0.35,0.25,0.25,0.1,0.05
1167,0,0.2,0.7,0,0.1
1168,0,0.15,0.15,0.5,0.2
1169,0,0.05,0.2,0.35,0.4
1170,0.25,0.55,0.1,0.1,0
1171,0.1,0.1,0.1,0.7,0
1172,0.2,0.35,0.4,0.05,0
1173,0,0,0.05,0.25,0.7
1174,0.05,0.05,0.05,0.4,0.45
1175,0.25,0.3,0.25,0.1,0.1
1176,0.05,0,0.2,0.45,0.3
1177,0.1,0.05,0,0.25,0.6
1178,0.1,0.55,0.2,0.15,0
1179,0,0.2,0.55,0.25,0
1180,0,0,0.1,0.65,0.25
1181,0,0.1,0,0.35,0.55
1182,0,0.2,0.5,0.2,0.1
1183,0,0,0,0.55,0.45
1184,0.2,0.15,0.15,0.3,0.2
1185,0,0.2,0.4,0.3,0.1
1186,0.75,0.05,0.15,0.05,0
1187,0.3,0.6,0,0.1,0
1188,0,0.2,0.25,0.4,0.15
1189,0,0,0.25,0.7,0.05
1190,0.05,0.1,0.5,0.15,0.2
1191,0.15,0.2,0.35,0.3,0
1192,0,0,0.2,0.2,0.6
1193,0.05,0,0.15,0.4,0.4
1194,0,0.05,0.3,0.5,0.15
1195,0.15,0.3,0.45,0.1,0
1196,0.15,0.5,0.35,0,0
1197,0,0.05,0.05,0.85,0.05
1198,0.25,0.25,0.4,0.1,0
1199,0.05,0.05,0.55,0.3,0.05
1200,0,0.1,0.1,0,0.8
1201,0.1,0.55,0.25,0.1,0
1202,0,0.05,0.2,0.45,0.3
1203,0,0,0.15,0.7,0.15
1204,0,0.15,0.35,0.4,0.1
1205,0.05,0.55,0.35,0.05,0
1206,0,0,0,0.15,0.85
1207,0.15,0.2,0.6,0.05,0
1208,0.05,0.65,0.25,0.05,0
1209,0,0,0,0.1,0.9
1210,0.1,0.45,0.45,0,0
1211,0.05,0,0.3,0.55,0.1
1212,0.05,0,0.1,0.15,0.7
1213,0,0.05,0.4,0.4,0.15
1214,0.1,0.75,0.1,0.05,0
1215,0.1,0.1,0.1,0.65,0.05
1216,0,0.05,0.45,0.4,0.1
1217,0.2,0.1,0.2,0.2,0.3
1218,0.85,0.05,0.1,0,0
1219,0,0,0.25,0.6,0.15
1220,0,0.25,0.55,0.2,0
1221,0.25,0.6,0.15,0,0
1222,0,0.7,0.3,0,0
1223,0,0,0.1,0.7,0.2
1224,0.1,0.45,0.3,0.05,0.1
1225,0.1,0,0.15,0.15,0.6
1226,0.05,0.3,0.4,0.1,0.15
1227,0.1,0.4,0.2,0.25,0.05
1228,0,0.05,0.1,0.7,0.15
1229,0.25,0.6,0.15,0,0
1230,0.05,0.2,0.35,0.3,0.1
1231,0.05,0.8,0.15,0,0
1232,0.4,0.55,0,0.05,0
1233,0.1,0.45,0.35,0.1,0
1234,0.05,0.25,0.15,0.4,0.15
1235,0.25,0.65,0.1,0,0
1236,0,0.1,0.4,0.4,0.1
1237,0,0.55,0.35,0.1,0
1238,0.2,0.25,0.25,0.1,0.2
1239,0.15,0.25,0.25,0.25,0.1
1240,0.1,0.35,0.15,0.35,0.05
1241,0.1,0.6,0.2,0.1,0
1242,0,0.05,0.45,0.45,0.05
1243,0.05,0.05,0.3,0.45,0.15
1244,0,0.5,0.35,0.15,0
1245,0.05,0.05,0.45,0.45,0
1246,0.1,0.45,0.45,0,0
1247,0.05,0.05,0.6,0.3,0
1248,0.25,0.5,0.2,0.05,0
1249,0,0,0.4,0.6,0
1250,0.3,0.45,0.1,0.1,0.05
1251,0.1,0.2,0.5,0.15,0.05
1252,0.1,0.25,0.55,0.1,0
1253,0.1,0.35,0.25,0.05,0.25
1254,0.05,0.15,0.3,0.35,0.15
1255,0.05,0.65,0.15,0.15,0
1256,0.05,0.25,0.45,0.15,0.1
1257,0,0.15,0.15,0.5,0.2
1258,0.1,0.2,0.5,0.2,0
1259,0.8,0.2,0,0,0
1260,0,0.05,0.25,0.35,0.35
1261,0,0.05,0.45,0.5,0
1262,0.1,0.45,0.2,0.25,0
1263,0.05,0.3,0.25,0.4,0
1264,0,0,0,0.6,0.4
1265,0.1,0.5,0.3,0.1,0
1266,0,0.1,0.1,0,0.8
1267,0.1,0.2,0.25,0.25,0.2
1268,0.2,0.5,0.1,0.15,0.05
1269,0.35,0.35,0.05,0.1,0.15
1270,0.05,0.1,0.2,0.3,0.35
1271,0.2,0.45,0.35,0,0
1272,0,0.35,0.55,0.1,0
1273,0,0.15,0.6,0.25,0
1274,0,0.25,0.15,0.4,0.2
1275,0.3,0.4,0.1,0.1,0.1
1276,0.05,0.6,0.3,0.05,0
1277,0.1,0.3,0.45,0.1,0.05
1278,0,0.05,0.1,0.25,0.6
1279,0,0.05,0.25,0.65,0.05
1280,0,0.05,0.85,0.1,0
1281,0,0.05,0.55,0.3,0.1
1282,0.05,0.1,0.1,0.45,0.3
1283,0,0.05,0.1,0,0.85
1284,0.05,0.6,0.3,0.05,0
1285,0,0.15,0.35,0.4,0.1
1286,0.55,0.3,0.15,0,0
1287,0.05,0,0.2,0.65,0.1
1288,0,0.65,0.35,0,0
1289,0,0.15,0.4,0.35,0.1
1290,0.1,0.35,0.45,0.1,0
1291,0.05,0,0.45,0.45,0.05
1292,0,0.25,0.5,0.2,0.05
1293,0.1,0.4,0.35,0.15,0
1294,0.4,0.05,0.3,0.1,0.15
1295,0,0,0,0.15,0.85
1296,0.1,0.3,0.15,0.35,0.1
1297,0,0.1,0.45,0.25,0.2
1298,0.15,0.4,0.2,0.25,0
1299,0.1,0.15,0.25,0.25,0.25
1300,0,0.3,0.4,0.15,0.15
1301,0,0,0,0,1
1302,0.9,0.05,0.05,0,0
1303,0,0.1,0.9,0,0
1304,0,0,0.2,0.55,0.25
1305,0.1,0.35,0.35,0.15,0.05
1306,0.1,0.35,0.3,0.15,0.1
1307,0.1,0.2,0.55,0.15,0
1308,0.1,0.3,0.4,0.15,0.05
1309,0.1,0.4,0.25,0.2,0.05
1310,0,0.05,0.1,0.55,0.3
1311,0.2,0.75,0.05,0,0
1312,0.05,0.35,0.45,0.1,0.05
1313,0.8,0.1,0.05,0.05,0
1314,0.05,0.7,0.25,0,0
1315,0.05,0.6,0.35,0,0
1316,0.2,0.25,0.3,0.15,0.1
1317,0.05,0.15,0.2,0.45,0.15
1318,0,0.05,0.1,0.8,0.05
1319,0,0.05,0.2,0.6,0.15
1320,0.25,0.55,0.1,0.1,0
1321,0.05,0.2,0.6,0.15,0
1322,0,0.1,0.45,0.45,0
1323,0.65,0.1,0.15,0.1,0
1324,0.05,0,0,0.2,0.75
1325,0.1,0.05,0.3,0.4,0.15
1326,0,0.05,0.2,0.6,0.15
1327,0.2,0.15,0.4,0.2,0.05
1328,0,0.25,0.55,0.05,0.15
1329,0.45,0.45,0.1,0,0
1330,0.15,0.25,0.3,0.1,0.2
1331,0.1,0.55,0.3,0.05,0
1332,0,0,0.05,0.3,0.65
1333,0.3,0.3,0.2,0.15,0.05
1334,0.1,0.45,0.2,0.1,0.15
1335,0.1,0.6,0.3,0,0
1336,0.5,0.4,0.1,0,0
1337,0,0,0.05,0.4,0.55
1338,0,0.05,0.05,0.75,0.15
1339,0.1,0.2,0.45,0.2,0.05
1340,0,0.15,0.2,0.4,0.25
1341,0.05,0.6,0.15,0.15,0.05
1342,0,0.25,0.4,0.3,0.05
1343,0.1,0.2,0.45,0.2,0.05
1344,0,0.3,0.05,0.55,0.1
1345,0.1,0.55,0.3,0.05,0
1346,0,0,0.1,0.75,0.15
1347,0,0,0.05,0,0.95
1348,0,0.35,0.4,0.15,0.1
1349,0,0.05,0.05,0.65,0.25
1350,0,0.3,0.25,0.45,0
1351,0,0.45,0.35,0.2,0
1352,0,0,0.1,0.55,0.35
1353,0.3,0.65,0.05,0,0
1354,0.1,0.4,0.15,0.35,0
1355,0,0.05,0.45,0.45,0.05
1356,0.1,0.7,0.2,0,0
1357,0.2,0.35,0.2,0.05,0.2
1358,0.2,0.15,0.05,0.2,0.4
1359,0.15,0.2,0.25,0.1,0.3
1360,0,0,0,0.1,0.9
1361,0.05,0.35,0.2,0.25,0.15
1362,0.2,0.25,0.35,0.1,0.1
1363,0.1,0.4,0.35,0.15,0
1364,0.1,0.3,0.5,0.1,0
1365,0,0,0,0.2,0.8
1366,0,0.05,0.15,0.7,0.1
1367,0.05,0.35,0.45,0.15,0
1368,0.1,0.1,0.05,0.35,0.4
1369,0.1,0.6,0.3,0,0
1370,0.15,0.75,0.1,0,0
1371,0,0,0.7,0.3,0
1372,0.1,0.35,0.4,0.1,0.05
1373,0.5,0.35,0.05,0,0.1
1374,0.1,0.2,0.7,0,0
1375,0,0,0.05,0.35,0.6
1376,0,0,0.05,0.2,0.75
1377,0.05,0,0,0.05,0.9
1378,0.2,0.35,0.45,0,0
1379,0,0,0.1,0,0.9
1380,0.4,0.5,0.1,0,0
1381,0.2,0.3,0.15,0.35,0
1382,0.05,0.75,0.15,0.05,0
1383,0,0,0.1,0.4,0.5
1384,0,0,0,0.15,0.85
1385,0,0,0.3,0.55,0.15
1386,0.1,0.4,0.3,0.2,0
1387,0.35,0.6,0.05,0,0
1388,0,0.3,0.2,0.1,0.4
1389,0,0,0.2,0.55,0.25
1390,0,0,0,0.1,0.9
1391,0.7,0.3,0,0,0
1392,0.05,0.25,0.4,0.2,0.1
1393,0.05,0.25,0.5,0.2,0
1394,0,0.1,0.15,0.7,0.05
1395,0,0.5,0.4,0.1,0
1396,0.15,0.55,0.3,0,0
1397,0,0,0.1,0.5,0.4
1398,0.15,0.3,0.25,0.25,0.05
1399,0.1,0.45,0.35,0.1,0
1400,0.3,0.45,0.25,0,0
1401,0.15,0.4,0.4,0.05,0
1402,0.05,0.55,0.35,0.05,0
1403,0,0,0.25,0.7,0.05
1404,0.25,0.75,0,0,0
1405,0,0.5,0.4,0.1,0
1406,0,0,0.2,0.45,0.35
1407,0,0,0.25,0.65,0.1
1408,0.05,0.35,0.2,0.3,0.1
1409,0,0,0.1,0.45,0.45
1410,0.15,0.35,0.3,0,0.2
1411,0.1,0.25,0.5,0.15,0
1412,0.05,0.4,0.25,0.1,0.2
1413,0.1,0.7,0.15,0.05,0
1414,0.2,0.7,0.1,0,0
1415,0.25,0.2,0.1,0.35,0.1
1416,0,0.15,0.1,0.55,0.2
1417,0.2,0.25,0.2,0.15,0.2
1418,0.1,0.55,0.25,0.1,0
1419,0,0,0.05,0,0.95
1420,0,0.2,0.6,0,0.2
1421,0.05,0.45,0.25,0.2,0.05
1422,0.45,0.25,0.15,0.05,0.1
1423,0.05,0.2,0.35,0.4,0
1424,0,0.4,0.5,0.1,0
1425,0.15,0.35,0.5,0,0
1426,0,0.05,0.15,0.6,0.2
1427,0.25,0.4,0.3,0,0.05
1428,0,0,0.3,0.55,0.15
1429,0.15,0.6,0.15,0.1,0
1430,0,0.1,0,0,0.9
1431,0,0,0,0.4,0.6
1432,0,0,0,0.2,0.8
1433,0.2,0.45,0.35,0,0
1434,0,0.1,0.05,0.3,0.55
1435,0.1,0.4,0.45,0.05,0
1436,0,0.1,0.6,0.3,0
1437,0,0.05,0.35,0.35,0.25
1438,0.15,0.7,0.15,0,0
1439,0.2,0.55,0.25,0,0
1440,0.05,0,0.05,0.05,0.85
1441,0.05,0.05,0.15,0.45,0.3
1442,0.05,0.1,0.4,0.45,0
1443,0,0.3,0.25,0.3,0.15
1444,0.1,0.6,0.2,0.1,0
1445,0,0.25,0.55,0.1,0.1
1446,0.15,0.3,0.4,0.1,0.05
1447,0,0.1,0.25,0.55,0.1
1448,0.05,0.2,0.45,0.3,0
1449,0,0,0.05,0.25,0.7
1450,0,0,0,0.1,0.9
1451,0.6,0.35,0.05,0,0
1452,0.25,0.6,0.1,0.05,0
1453,0,0.45,0.45,0.1,0
1454,0.1,0.7,0.2,0,0
1455,0.05,0.1,0.55,0.3,0
1456,0,0.15,0.45,0.4,0
1457,0.15,0.75,0.1,0,0
1458,0,0.3,0.3,0.2,0.2
1459,0.05,0.2,0.55,0.2,0
1460,0,0.05,0.1,0.45,0.4
1461,0.35,0.55,0.1,0,0
1462,0,0.05,0.05,0.55,0.35
1463,0.15,0.55,0.3,0,0
1464,0,0.2,0.5,0.2,0.1
1465,0,0.45,0.4,0.15,0
1466,0.05,0.65,0.25,0.05,0
1467,0.5,0.5,0,0,0
1468,0.1,0.45,0.35,0.1,0
1469,0.35,0.4,0.2,0.05,0
1470,0.05,0.05,0.2,0.35,0.35
1471,0.25,0.35,0.4,0,0
1472,0.1,0.05,0.15,0.45,0.25
1473,0.05,0.15,0.35,0.4,0.05
1474,0.05,0,0,0.15,0.8
1475,0.05,0.05,0,0.25,0.65
1476,0.05,0.2,0.5,0.2,0.05
1477,0.05,0,0.1,0.7,0.15
1478,0.25,0.5,0.25,0,0
1479,0,0.05,0,0.4,0.55
1480,0.05,0.65,0.2,0.1,0
1481,0,0,0.05,0,0.95
1482,0,0.1,0.75,0.15,0
1483,0,0.45,0.4,0.15,0
1484,0,0.1,0.2,0.3,0.4
1485,0.05,0.1,0.45,0.25,0.15
1486,0,0.05,0.2,0.4,0.35
1487,0,0,0,0.15,0.85
1488,0.1,0.75,0.1,0.05,0
1489,0.2,0.45,0.3,0.05,0
1490,0.05,0.7,0.15,0.1,0
1491,0,0,0.15,0.45,0.4
1492,0.05,0.15,0.65,0.1,0.05
1493,0.2,0.3,0.35,0.15,0
1494,0,0.2,0.2,0.2,0.4
1495,0,0,0.2,0.6,0.2
1496,0.1,0.35,0.4,0.15,0
1497,0,0,0.35,0.4,0.25
1498,0,0,0.35,0.5,0.15
1499,0,0.05,0.25,0.45,0.25
1500,0.1,0.45,0.35,0.1,0
1501,0.25,0.45,0.25,0.05,0
1502,0.05,0.95,0,0,0
1503,0,0.2,0.25,0.35,0.2
1504,0.15,0.3,0.25,0.15,0.15
1505,0,0.05,0.2,0.2,0.55
1506,0,0.05,0.1,0.3,0.55
1507,0,0.05,0.05,0.45,0.45
1508,0.1,0.15,0.45,0.3,0
1509,0,0,0.2,0.7,0.1
1510,0.05,0.15,0.3,0.4,0.1
1511,0,0.05,0.55,0.35,0.05
1512,0,0.2,0.35,0.35,0.1
1513,0.1,0.15,0.35,0.25,0.15
1514,0,0.05,0,0.25,0.7
1515,0.15,0.3,0.45,0.1,0
1516,0,0,0.3,0.65,0.05
1517,0.6,0.35,0.05,0,0
1518,0,0,0,0.25,0.75
1519,0.25,0.2,0.4,0.1,0.05
1520,0.05,0.4,0.4,0.15,0
1521,0,0.05,0,0.1,0.85
1522,0.15,0.45,0.1,0.25,0.05
1523,0,0.1,0.2,0.45,0.25
1524,0,0,0,0.25,0.75
1525,0,0.05,0.25,0.4,0.3
1526,0.15,0.25,0.25,0.15,0.2
1527,0.05,0.05,0.45,0.4,0.05
1528,0.25,0.65,0.1,0,0
1529,0,0.4,0.2,0.35,0.05
1530,0.15,0.65,0.2,0,0
1531,0.15,0.7,0.05,0.05,0.05
1532,0,0,0.2,0.55,0.25
1533,0,0,0.3,0.45,0.25
1534,0.3,0.7,0,0,0
1535,0,0.5,0.45,0,0.05
1536,0,0.1,0.3,0.5,0.1
1537,0.05,0.25,0.35,0.25,0.1
1538,0.2,0.65,0.15,0,0
1539,0.5,0.25,0.2,0.05,0
1540,0.05,0.15,0.5,0.25,0.05
1541,0.4,0.45,0.15,0,0
1542,0,0,0.15,0.5,0.35
1543,0.05,0.35,0.6,0,0
1544,0,0.65,0.35,0,0
1545,0.25,0.2,0.3,0.1,0.15
1546,0,0.15,0.5,0.2,0.15
1547,0.1,0.15,0.2,0.35,0.2
1548,0.1,0.4,0.4,0.1,0
1549,0.55,0.3,0.1,0,0.05
1550,0.05,0.3,0.25,0.3,0.1
1551,0.05,0.2,0.65,0.1,0
1552,1,0,0,0,0
1553,0,0,0,0.4,0.6
1554,0.15,0.45,0.1,0.15,0.15
1555,0.1,0.65,0.2,0,0.05
1556,0.05,0.05,0.1,0.3,0.5
1557,0,0,0.05,0.2,0.75
1558,0.05,0.25,0.45,0.25,0
1559,0,0.05,0.2,0.7,0.05
1560,0.3,0.5,0.2,0,0
1561,0,0.05,0.05,0.45,0.45
1562,0,0.15,0.45,0.35,0.05
1563,0,0.55,0.4,0.05,0
1564,0.05,0.45,0.15,0.25,0.1
1565,0.05,0.1,0.3,0.25,0.3
1566,0.05,0.05,0,0.35,0.55
1567,0.1,0.7,0.15,0,0.05
1568,0.2,0.45,0.15,0.2,0
1569,0.1,0.15,0.15,0.6,0
1570,0.05,0.1,0.35,0.4,0.1
1571,0.1,0.5,0.4,0,0
1572,0,0.05,0.1,0.65,0.2
1573,0.05,0.2,0.55,0.15,0.05
1574,0.75,0.2,0.05,0,0
1575,0,0.05,0.15,0.65,0.15
1576,0.05,0.2,0.25,0.2,0.3
1577,0.05,0.15,0.45,0.35,0
1578,0.05,0.15,0.25,0.15,0.4
1579,0.05,0.2,0.4,0.35,0
1580,0.1,0.15,0.05,0.4,0.3
1581,0.1,0.5,0.1,0.2,0.1
1582,0,0.05,0.1,0.5,0.35
1583,0,0.05,0.7,0.2,0.05
1584,0,0.35,0.65,0,0
1585,0.05,0.15,0.35,0.4,0.05
1586,0,0,0.35,0.5,0.15
1587,0,0,0.1,0.6,0.3
1588,1,0,0,0,0
1589,0.2,0.5,0.3,0,0
1590,0,0,0.15,0.25,0.6
1591,0,0.15,0.4,0.35,0.1
1592,0.8,0.2,0,0,0
1593,0.05,0.7,0.15,0.1,0
1594,0.1,0.5,0.35,0.05,0
1595,0.1,0.35,0.5,0.05,0
1596,0.3,0.15,0.2,0.2,0.15
1597,0.65,0.15,0.05,0.15,0
1598,0,0,0.05,0.55,0.4
1599,0.25,0.35,0.35,0.05,0
1600,0.05,0.05,0.15,0.55,0.2
1601,0,0.05,0.05,0,0.9
1602,0,0,0.05,0.75,0.2
1603,0.4,0.55,0.05,0,0
1604,0.35,0.4,0.1,0,0.15
1605,0.05,0.2,0.4,0.25,0.1
1606,0.2,0.15,0.15,0.25,0.25
1607,0,0.1,0.1,0.75,0.05
1608,0.1,0.65,0.1,0.1,0.05
1609,0.45,0.4,0.1,0.05,0
1610,0,0.45,0.4,0.15,0
1611,0.1,0.9,0,0,0
1612,0.15,0.7,0.05,0.05,0.05
1613,0,0,0,0.05,0.95
1614,0.2,0.15,0.5,0.15,0
1615,0.05,0,0.25,0.4,0.3
1616,0.05,0.45,0.45,0.05,0
1617,0.2,0.3,0.3,0.2,0
1618,0.15,0.5,0.3,0.05,0
1619,0.15,0.7,0.1,0,0.05
1620,0,0.3,0.5,0.15,0.05
1621,0.05,0,0.3,0.5,0.15
1622,0.2,0.4,0.2,0.2,0
1623,0.15,0.35,0.4,0.1,0
1624,0.1,0.4,0.25,0.15,0.1
1625,0,0.25,0.45,0.25,0.05
1626,0.15,0.15,0.45,0.1,0.15
1627,0.15,0.25,0.25,0.25,0.1
1628,0,0.45,0.45,0.1,0
1629,0.05,0,0,0.05,0.9
1630,0.15,0.3,0.5,0.05,0
1631,0.1,0.2,0.45,0.2,0.05
1632,0.1,0.1,0.15,0.6,0.05
1633,0.25,0.65,0.05,0.05,0
1634,0.1,0.25,0.2,0.25,0.2
1635,0.25,0.7,0,0.05,0
1636,0.3,0.35,0.15,0.15,0.05
1637,0.1,0.4,0.25,0.2,0.05
1638,0.05,0,0.65,0.3,0
1639,0.1,0.45,0.25,0.1,0.1
1640,0.15,0.55,0.3,0,0
1641,0,0,0.2,0.2,0.6
1642,0,0,0,0.3,0.7
1643,0.25,0.4,0.25,0.1,0
1644,0.05,0.45,0.25,0.25,0
1645,0,0.05,0.2,0.15,0.6
1646,0.1,0.6,0.2,0.1,0
1647,0,0,0.2,0.65,0.15
1648,0,0.05,0.2,0.45,0.3
1649,0,0,0.05,0.65,0.3
1650,0.15,0.05,0.45,0.15,0.2
1651,0.45,0.25,0.1,0.1,0.1
1652,0,0,0.05,0.15,0.8
1653,0.2,0.7,0,0.05,0.05
1654,0.05,0,0,0.2,0.75
1655,0,0.1,0.25,0.35,0.3
1656,0.05,0,0.35,0.55,0.05
1657,0.05,0.4,0.5,0.05,0
1658,0.25,0.35,0.35,0,0.05
1659,0.05,0.45,0.35,0.15,0
1660,0.05,0.45,0.35,0.1,0.05
1661,0,0,0.25,0.6,0.15
1662,0.05,0,0.35,0.6,0
1663,0.1,0.45,0.45,0,0
1664,0,0.25,0.45,0.15,0.15
1665,0,0.05,0.05,0.35,0.55
1666,0,0,0.2,0.55,0.25
1667,0.5,0.35,0.15,0,0
1668,0.5,0.25,0.2,0.05,0
1669,0.6,0.25,0.15,0,0
1670,0.05,0.05,0.35,0.5,0.05
1671,0.2,0.5,0.2,0.1,0
1672,0.3,0.4,0.3,0,0
1673,0,0.4,0.45,0.15,0
1674,0.25,0.2,0.4,0.15,0
1675,0.1,0.3,0.2,0.3,0.1
1676,0.2,0.65,0,0.15,0
1677,0,0,0.1,0.7,0.2
1678,0.1,0.3,0.5,0.1,0
1679,0.1,0.7,0.15,0.05,0
1680,0.15,0.65,0.2,0,0
1681,0.1,0.4,0.35,0.15,0
1682,0,0.05,0.05,0.2,0.7
1683,0,0,0.1,0.4,0.5
1684,0,0,0.1,0.55,0.35
1685,0.05,0.05,0.25,0.2,0.45
1686,0.45,0.4,0.15,0,0
1687,0.05,0.15,0.2,0.3,0.3
1688,0,0,0.05,0.2,0.75
1689,0.05,0.75,0.2,0,0
1690,0.3,0.6,0.1,0,0
1691,0.05,0,0.65,0.3,0
1692,0,0,0.15,0.35,0.5
1693,0,0.15,0.8,0.05,0
1694,0.05,0.45,0.35,0.1,0.05
1695,0.05,0.4,0.55,0,0
1696,0,0.6,0.3,0.1,0
1697,0.1,0.05,0.1,0.4,0.35
1698,0.15,0.5,0.3,0.05,0
1699,0.15,0.45,0.35,0,0.05
1700,0.15,0.6,0.15,0.1,0
1701,0.1,0.5,0.35,0.05,0
1702,0,0.2,0.45,0.35,0
1703,0,0.05,0.15,0.6,0.2
1704,0,0,0.2,0.55,0.25
1705,0,0.1,0.2,0.4,0.3
1706,0.05,0.05,0.55,0.35,0
1707,0,0,0.05,0.6,0.35
1708,0,0,0.05,0.5,0.45
1709,0.05,0.35,0.45,0.15,0
1710,0.05,0.1,0.4,0.35,0.1
1711,0.15,0.5,0.2,0.1,0.05
1712,0,0,0.1,0.35,0.55
1713,0,0.05,0.35,0.35,0.25
1714,0.15,0.35,0.3,0.15,0.05
1715,0,0.05,0.35,0.5,0.1
1716,0.05,0.05,0.3,0.6,0
1717,0.25,0.4,0.3,0.05,0
1718,0.15,0.6,0.2,0.05,0
1719,0.05,0.15,0.05,0.55,0.2
1720,0.1,0.3,0.25,0.15,0.2
1721,0,0,0,0.55,0.45
1722,0,0.05,0.05,0.45,0.45
1723,0.05,0.4,0.35,0.15,0.05
1724,0.05,0.6,0.25,0,0.1
1725,0.25,0.75,0,0,0
1726,0.4,0.25,0.1,0.1,0.15
1727,0,0,0,0.5,0.5
1728,0.1,0.35,0.35,0.15,0.05
1729,0.25,0.25,0.35,0.15,0
1730,0,0.1,0.2,0.65,0.05
1731,0,0,0.15,0.5,0.35
1732,0,0.1,0.45,0.35,0.1
1733,0.5,0.3,0.1,0.1,0
1734,0.1,0.45,0.25,0.2,0
1735,0.05,0.65,0.25,0.05,0
1736,0,0,0.05,0.2,0.75
1737,0.1,0.75,0.15,0,0
1738,0.2,0.3,0.2,0.2,0.1
1739,0.25,0.75,0,0,0
1740,0.35,0.55,0.1,0,0
1741,0.15,0.5,0.3,0.05,0
1742,0.1,0.15,0.2,0.45,0.1
1743,0.1,0.35,0.35,0.15,0.05
1744,0.2,0.45,0.3,0,0.05
1745,0,0.35,0.4,0.2,0.05
1746,0.3,0.7,0,0,0
1747,0.05,0.45,0.45,0.05,0
1748,0.1,0.8,0.05,0.05,0
1749,0,0.25,0.4,0.35,0
1750,0.05,0.8,0.05,0.1,0
1751,0.35,0.3,0.1,0.1,0.15
1752,0.3,0.45,0.2,0.05,0
1753,0.05,0.3,0.5,0.15,0
1754,0.35,0.55,0.1,0,0
1755,0,0.65,0.35,0,0
1756,0,0,0.25,0.4,0.35
1757,0,0,0.4,0.6,0
1758,0.05,0.3,0.5,0.15,0
1759,0.15,0.4,0.4,0.05,0
1760,0.2,0.35,0.25,0.1,0.1
1761,0.2,0.45,0.3,0.05,0
1762,0,0.05,0.2,0.35,0.4
1763,0.25,0.6,0.15,0,0
1764,0.45,0.25,0.25,0.05,0
1765,0.15,0.45,0.15,0.25,0
1766,0,0.05,0.2,0.7,0.05
1767,0,0.05,0.15,0.2,0.6
1768,0,0,0.2,0.4,0.4
1769,0,0.1,0.7,0.2,0
1770,0.15,0.75,0.1,0,0
1771,0.15,0.4,0.4,0,0.05
1772,0.2,0.3,0.35,0.15,0
1773,0.1,0.55,0.2,0.05,0.1
1774,0.15,0.55,0.2,0.1,0
1775,0.1,0.5,0.35,0.05,0
1776,0.05,0,0.3,0.55,0.1
1777,0.15,0.6,0.2,0.05,0
1778,0,0,0.3,0.6,0.1
1779,0.05,0.05,0.4,0.35,0.15
1780,0.1,0.4,0.25,0.2,0.05
1781,0.05,0.1,0.3,0.3,0.25
1782,0,0,0.2,0.6,0.2
1783,0.35,0.55,0.1,0,0
1784,0.75,0.25,0,0,0
1785,0.05,0.25,0.35,0.25,0.1
1786,0,0.3,0.6,0.1,0
1787,0.05,0,0.4,0.3,0.25
1788,0.7,0.15,0.05,0.05,0.05
1789,0.25,0.75,0,0,0
1790,0,0,0.05,0.45,0.5
1791,0,0.1,0.5,0.25,0.15
1792,0.1,0.1,0.45,0.25,0.1
1793,0,0.05,0.1,0.45,0.4
1794,0,0.05,0.15,0.75,0.05
1795,0.05,0.05,0.35,0.45,0.1
1796,0.7,0.15,0.1,0.05,0
1797,0.05,0.2,0.35,0.4,0
1798,0,0,0.05,0.15,0.8
1799,0.25,0.65,0.1,0,0
1800,0.05,0.35,0.35,0.25,0
1801,0,0.2,0.7,0.1,0
1802,0.15,0.6,0.1,0.1,0.05
1803,0.1,0.8,0.1,0,0
1804,0.25,0.4,0.05,0.25,0.05
1805,0.4,0.3,0.1,0.2,0
1806,0.75,0.25,0,0,0
1807,0,0.05,0.25,0.4,0.3
1808,0.05,0.65,0.25,0.05,0
1809,0.2,0.05,0.55,0.2,0
1810,0.15,0.45,0.4,0,0
1811,0,0.05,0.2,0.45,0.3
1812,0.45,0.1,0.3,0.1,0.05
1813,0,0.05,0.25,0.6,0.1
1814,0.2,0.25,0.2,0.15,0.2
1815,0,0.05,0.3,0.45,0.2
1816,0,0,0.3,0.65,0.05
1817,0,0,0,0.25,0.75
1818,0.1,0.35,0.55,0,0
1819,0,0.05,0.05,0.6,0.3
1820,0,0.05,0.45,0.45,0.05
1821,0.4,0.6,0,0,0
1822,0.15,0,0.2,0.4,0.25
1823,0.1,0.75,0.15,0,0
1824,0,0.5,0.3,0.15,0.05
1825,0,0,0.25,0.45,0.3
1826,0.05,0.25,0.6,0.1,0
1827,0.05,0,0,0.1,0.85
1828,0.85,0.15,0,0,0
1829,0.95,0,0,0.05,0
1830,0.5,0.3,0.2,0,0
1831,0,0.25,0.15,0.2,0.4
1832,0,0.05,0.15,0.45,0.35
1833,0,0,0,0.65,0.35
1834,0.05,0.05,0.3,0.1,0.5
1835,0,0,0.1,0.7,0.2
1836,0,0,0.1,0.35,0.55
1837,0,0,0.15,0.65,0.2
1838,0.1,0.8,0.1,0,0
1839,0,0.15,0.45,0.3,0.1
1840,0.1,0.15,0.15,0.6,0
1841,0.2,0.5,0.25,0,0.05
1842,0.25,0.6,0.1,0.05,0
1843,0,0.45,0.4,0.15,0
1844,0.1,0.65,0.25,0,0
1845,0.05,0.1,0.35,0.5,0
1846,0.05,0.4,0.35,0.1,0.1
1847,0.9,0.1,0,0,0
1848,0,0,0,0.1,0.9
1849,0.6,0.35,0.05,0,0
1850,0.2,0.15,0.05,0.3,0.3
1851,0.2,0.35,0.35,0,0.1
1852,0.2,0.4,0.35,0.05,0
1853,0,0.05,0.05,0,0.9
1854,0,0.35,0.55,0.1,0
1855,0.05,0.25,0.4,0.3,0
1856,0.15,0.25,0.55,0.05,0
1857,0,0,0,0.2,0.8
1858,0.1,0.05,0.5,0.35,0
1859,0,0.05,0.35,0.4,0.2
1860,0.05,0.05,0.5,0.35,0.05
1861,0,0,0.3,0.55,0.15
1862,0.15,0.8,0,0.05,0
1863,0,0.2,0.35,0.2,0.25
1864,0.05,0.05,0.65,0.25,0
1865,0.1,0.1,0.5,0.25,0.05
1866,0.15,0.65,0.2,0,0
1867,0,0,0,0.2,0.8
1868,0,0.05,0.4,0.45,0.1
1869,0.95,0.05,0,0,0
1870,0,0,0.1,0.45,0.45
1871,0.15,0.65,0.15,0.05,0
1872,0,0.05,0.1,0.65,0.2
1873,0.05,0.1,0.15,0.55,0.15
1874,0.05,0.3,0.5,0.15,0
1875,0.1,0.05,0.1,0.1,0.65
1876,0.45,0.4,0.15,0,0
1877,0,0.3,0.45,0.2,0.05
1878,0,0.75,0.15,0.1,0
1879,0.15,0.6,0.15,0.1,0
1880,0.05,0.35,0.35,0.25,0
1881,0,0.05,0.35,0.3,0.3
1882,0.05,0.15,0.25,0.45,0.1
1883,0.1,0.15,0.3,0.25,0.2
1884,0.05,0.1,0.35,0.35,0.15
1885,0.05,0.05,0.1,0.2,0.6
1886,0.05,0.05,0.4,0.4,0.1
1887,0.15,0.35,0.2,0.2,0.1
1888,0.1,0.45,0.1,0.35,0
1889,0.05,0.2,0.5,0.15,0.1
1890,0.1,0.4,0.35,0.05,0.1
1891,0.4,0.45,0.1,0.05,0
1892,0.05,0.25,0.2,0.35,0.15
1893,0,0,0.15,0.7,0.15
1894,0,0,0.05,0.65,0.3
1895,0.05,0.1,0.35,0.3,0.2
1896,0,0.7,0.25,0.05,0
1897,0.1,0.35,0.45,0.1,0
1898,0,0.05,0.5,0.45,0
1899,0,0,0.05,0.3,0.65
1900,0,0.1,0,0.6,0.3
1901,0,0.3,0.35,0.25,0.1
1902,0.05,0.4,0.5,0.05,0
1903,0,0.1,0.2,0.7,0
1904,0,0,0,0.2,0.8
1905,0,0.5,0.4,0.1,0
1906,0,0.05,0.35,0.4,0.2
1907,0,0,0,0.35,0.65
1908,0,0.1,0.3,0.5,0.1
1909,0,0,0,0.1,0.9
1910,0,0.1,0.7,0.15,0.05
1911,0.1,0.6,0.2,0.1,0
1912,0,0.2,0.3,0.45,0.05
1913,0,0,0,0.3,0.7
1914,0.55,0.3,0.1,0.05,0
1915,0.1,0.3,0.6,0,0
1916,0,0,0.05,0.25,0.7
1917,0.05,0,0.3,0.65,0
1918,0,0.05,0.05,0.6,0.3
1919,0.2,0.7,0.05,0,0.05
1920,0.1,0.1,0.4,0.2,0.2
1921,0.05,0.25,0.25,0.3,0.15
1922,0,0.25,0.35,0.35,0.05
1923,0.05,0.1,0.3,0.35,0.2
1924,0,0.15,0.1,0.35,0.4
1925,0.05,0.05,0.2,0.15,0.55
1926,0,0.05,0.6,0.35,0
1927,0,0.2,0.3,0.3,0.2
1928,0.05,0.25,0.25,0.1,0.35
1929,0.15,0.25,0.55,0.05,0
1930,0.05,0.4,0.25,0.2,0.1
1931,0.1,0.3,0.3,0.2,0.1
1932,0.65,0.25,0.1,0,0
1933,0.05,0.4,0.2,0.3,0.05
1934,0.1,0.2,0.4,0.15,0.15
1935,0,0.05,0.55,0.4,0
1936,0.05,0.55,0.35,0,0.05
1937,0.15,0.65,0.15,0.05,0
1938,0.05,0.25,0.45,0,0.25
1939,0.1,0.2,0.45,0.2,0.05
1940,0.05,0.35,0.5,0.1,0
1941,0.2,0.2,0.55,0.05,0
1942,0,0.1,0.05,0.45,0.4
1943,0,0,0.1,0.45,0.45
1944,0.05,0.75,0.15,0.05,0
1945,0.3,0.35,0.3,0.05,0
1946,0,0.3,0.4,0.15,0.15
1947,0.05,0.5,0.45,0,0
1948,0.05,0.65,0.25,0.05,0
1949,0.1,0.6,0.3,0,0
1950,0,0.45,0.3,0.25,0
1951,0.05,0.1,0.5,0.3,0.05
1952,0,0.25,0.45,0.2,0.1
1953,0.25,0.7,0,0.05,0
1954,0.05,0.1,0.5,0.35,0
1955,0,0.25,0.35,0.35,0.05
1956,0,0.1,0.55,0.35,0
1957,0.2,0.3,0.45,0.05,0
1958,0,0,0.15,0.5,0.35
1959,0.35,0.55,0,0.1,0
1960,0,0.4,0.45,0.1,0.05
1961,0.2,0.45,0.2,0.15,0
1962,0,0.55,0.3,0.15,0
1963,0,0.05,0.6,0.25,0.1
1964,0,0.15,0.3,0.45,0.1
1965,0.2,0.35,0.3,0.1,0.05
1966,0,0,0.1,0.15,0.75
1967,0,0.15,0.1,0.5,0.25
1968,0.05,0.3,0.15,0.35,0.15
1969,0.2,0.6,0.1,0.1,0
1970,0.25,0.6,0.15,0,0
1971,0.05,0.15,0.15,0.4,0.25
1972,0,0.5,0.4,0.1,0
1973,0,0,0.1,0.6,0.3
1974,0.25,0.45,0.25,0.05,0
1975,0.75,0.2,0.05,0,0
1976,0.1,0.5,0.35,0.05,0
1977,0.35,0.25,0.25,0,0.15
1978,0,0.05,0.2,0.5,0.25
1979,0.1,0.25,0.4,0.2,0.05
1980,0,0,0,0.05,0.95
1981,0.25,0.65,0.1,0,0
1982,0.3,0.05,0.2,0.1,0.35
1983,0,0,0,0.7,0.3
1984,0.1,0.4,0.25,0.1,0.15
1985,0.1,0.4,0.1,0.25,0.15
1986,0.15,0.65,0.05,0.1,0.05
1987,0.55,0.1,0.2,0.1,0.05
1988,0,0,0.05,0.25,0.7
1989,0.05,0.25,0.6,0.05,0.05
1990,0,0.05,0.1,0.25,0.6
1991,0,0,0.45,0.3,0.25
1992,0.05,0,0,0.2,0.75
1993,0.05,0.05,0.5,0.2,0.2
1994,0.1,0.2,0.35,0.25,0.1
1995,0.05,0.25,0.25,0.2,0.25
1996,0.1,0.15,0.1,0.3,0.35
1997,0.1,0.4,0.35,0.15,0
1998,0.05,0.1,0.45,0.25,0.15
1999,0.05,0.25,0.35,0.35,0
2000,0.1,0.25,0.3,0.15,0.2
2001,0.35,0.45,0.2,0,0
2002,0,0.3,0.25,0.25,0.2
2003,0,0,0.1,0.3,0.6
2004,0,0.05,0.05,0.25,0.65
2005,0.1,0.5,0.35,0.05,0
2006,0.15,0.5,0.3,0,0.05
2007,0.05,0.1,0.35,0.3,0.2
2008,0.05,0.95,0,0,0
2009,0.05,0,0,0.2,0.75
2010,0.35,0.25,0.2,0.15,0.05
2011,0,0.15,0.85,0,0
2012,0.05,0.95,0,0,0
2013,0,0.1,0,0.2,0.7
2014,0,0,0.2,0.55,0.25
2015,0.05,0,0.3,0.6,0.05
2016,0.15,0.45,0.15,0.15,0.1
2017,0,0,0.05,0.4,0.55
2018,0,0,0.05,0.5,0.45
2019,0,0,0.05,0.15,0.8
2020,0,0.05,0.15,0.45,0.35
2021,0,0.15,0.15,0.45,0.25
2022,0.35,0.45,0.2,0,0
2023,0.05,0.25,0.35,0.2,0.15
2024,0.15,0.6,0.2,0.05,0
2025,0,0.05,0.15,0.7,0.1
2026,0,0,0,0.2,0.8
2027,0,0,0.1,0.55,0.35
2028,0,0.2,0.25,0.3,0.25
2029,0,0,0.05,0.15,0.8
2030,0,0,0.2,0.55,0.25
2031,0.45,0.45,0,0.1,0
2032,0.35,0.4,0.1,0.1,0.05
2033,0.1,0.3,0.2,0.2,0.2
2034,0,0.05,0.2,0.55,0.2
2035,0.05,0.35,0.45,0.1,0.05
2036,1,0,0,0,0
2037,0.35,0.35,0.3,0,0
2038,0.1,0.35,0.2,0.2,0.15
2039,0,0.1,0.65,0.25,0
2040,0.25,0.15,0.35,0.2,0.05
2041,0,0,0.1,0.4,0.5
2042,0.25,0.75,0,0,0
2043,0.05,0.05,0.5,0.4,0
2044,0.95,0.05,0,0,0
2045,0.05,0.55,0.15,0.2,0.05
2046,0,0,0.25,0.6,0.15
2047,0,0,0,0.7,0.3
2048,0.1,0.35,0.35,0.15,0.05
2049,0.4,0.5,0,0.1,0
2050,0.1,0.2,0.45,0.05,0.2
2051,0,0.05,0,0.65,0.3
2052,0,0.05,0.5,0.3,0.15
2053,0.2,0.45,0.25,0.05,0.05
2054,0.05,0,0,0.25,0.7
2055,0.25,0.4,0.2,0.15,0
2056,0,0.05,0.05,0.4,0.5
2057,0,0.2,0.4,0.25,0.15
2058,0.05,0.2,0.55,0.15,0.05
2059,0.05,0,0,0.3,0.65
2060,0,0.05,0,0.25,0.7
2061,0.25,0.45,0.3,0,0
2062,0.1,0.2,0.45,0.25,0
2063,0,0.3,0.6,0.1,0
2064,0.2,0.25,0.2,0.25,0.1
2065,0,0.15,0.55,0.3,0
2066,0,0,0,0.05,0.95
2067,0,0,0,0.2,0.8
2068,0.05,0.3,0.45,0.15,0.05
2069,0,0,0,0.3,0.7
2070,0.1,0.45,0.25,0.1,0.1
2071,0,0.55,0.2,0.2,0.05
2072,0.4,0.6,0,0,0
2073,0,0,0,0,1
2074,0,0,0.05,0.25,0.7
2075,0,0.35,0.45,0.2,0
2076,0,0,0.1,0.6,0.3
2077,0,0,0,0.4,0.6
2078,0.2,0.3,0.15,0.35,0
2079,0.1,0.1,0.45,0.2,0.15
2080,0.05,0,0.3,0.55,0.1
2081,0,0.1,0.3,0.6,0
2082,0,0.25,0.45,0.15,0.15
2083,0.25,0.65,0.05,0,0.05
2084,0.65,0.15,0.1,0.1,0
2085,0.1,0.2,0.4,0.15,0.15
2086,0.05,0.15,0.05,0.15,0.6
2087,0,0.05,0.3,0.6,0.05
2088,0.1,0.3,0.5,0.1,0
2089,0.15,0.25,0.55,0.05,0
2090,0.15,0.35,0.2,0.25,0.05
2091,0,0.05,0.05,0.5,0.4
2092,0,0.05,0.25,0.4,0.3
2093,0,0.05,0.15,0.55,0.25
2094,0.05,0.25,0.2,0.2,0.3
2095,0,0.1,0.6,0.3,0
2096,0.25,0.7,0,0.05,0
2097,0.1,0.5,0.4,0,0
2098,0,0,0.05,0.75,0.2
2099,0.25,0.4,0.15,0.2,0
2100,0.05,0.1,0,0.65,0.2
2101,0,0.05,0.1,0.7,0.15
2102,0.2,0.65,0.15,0,0
2103,0,0.1,0.1,0.45,0.35
2104,0.1,0.45,0.2,0.1,0.15
2105,0,0,0.3,0.55,0.15
2106,1,0,0,0,0
2107,0.35,0.5,0.1,0,0.05
2108,0.1,0.45,0.4,0.05,0
2109,0,0,0,0,1
2110,0.05,0.4,0.2,0.25,0.1
2111,0.1,0.35,0.4,0.15,0
2112,0,0,0.1,0.4,0.5
2113,0,0.2,0.2,0.2,0.4
2114,0,0.4,0.6,0,0
2115,0.2,0.35,0.45,0,0
2116,0.95,0.05,0,0,0
2117,0.45,0.35,0.2,0,0
2118,0.3,0.7,0,0,0
2119,0,0.1,0.3,0.6,0
2120,0,0,0.1,0.1,0.8
2121,0,0,0.05,0.3,0.65
2122,0.15,0.5,0.35,0,0
2123,0,0.3,0.4,0.2,0.1
2124,0,0.05,0.35,0.3,0.3
2125,0,0.05,0.05,0.4,0.5
2126,0,0.05,0.75,0.2,0
2127,0,0,0.15,0.7,0.15
2128,0,0.05,0.15,0.45,0.35
2129,0,0.05,0.25,0.3,0.4
2130,0.1,0.6,0.3,0,0
2131,0,0.15,0.75,0.1,0
2132,0.15,0.35,0.15,0.3,0.05
2133,0,0,0.2,0.7,0.1
2134,0.2,0.4,0.2,0.2,0
2135,0.1,0.5,0.3,0.05,0.05
2136,0,0,0,0.05,0.95
2137,0.25,0.55,0.15,0.05,0
2138,0,0.05,0.35,0.3,0.3
2139,0.05,0.2,0.4,0.25,0.1
2140,0.2,0.25,0.25,0.2,0.1
2141,0.1,0.35,0.25,0.25,0.05
2142,0.05,0.1,0.6,0.25,0
2143,0,0,0,0.1,0.9
2144,0.05,0.45,0.25,0.15,0.1
2145,0.05,0.1,0.05,0.15,0.65
2146,0.25,0.3,0.3,0.1,0.05
2147,0.05,0.25,0.45,0.2,0.05
2148,0.2,0.75,0,0,0.05
2149,0.1,0.5,0.2,0.2,0
2150,0.95,0.05,0,0,0
2151,0.4,0.5,0.1,0,0
2152,0,0,0,0.45,0.55
2153,0.8,0.2,0,0,0
2154,0.45,0.05,0.15,0.25,0.1
2155,0.15,0.55,0.3,0,0
2156,0.05,0.4,0.45,0.1,0
2157,0.25,0.5,0.25,0,0
2158,0.05,0.1,0.35,0.45,0.05
2159,0,0,0.3,0.45,0.25
2160,0.05,0.15,0.35,0.4,0.05
2161,0,0,0,0.2,0.8
2162,0,0,0,0.1,0.9
2163,0.15,0.5,0.25,0.1,0
2164,0.1,0.45,0.25,0.2,0
2165,0,0.05,0.05,0.8,0.1
2166,0.55,0.4,0.05,0,0
2167,0,0.15,0.45,0.25,0.15
2168,0.05,0.15,0.3,0.4,0.1
2169,0.7,0.3,0,0,0
2170,0.7,0.3,0,0,0
2171,0,0.05,0.2,0.6,0.15
2172,0,0.05,0.05,0.25,0.65
2173,0,0,0.05,0.5,0.45
2174,0,0.3,0.35,0.2,0.15
2175,0.2,0.15,0.6,0.05,0
2176,0,0.05,0.2,0.5,0.25
2177,0.15,0.35,0.25,0.05,0.2
2178,0.05,0.1,0.15,0.45,0.25
2179,0.45,0.25,0.15,0.1,0.05
2180,0.5,0.5,0,0,0
2181,0,0,0.1,0.6,0.3
2182,0,0,0.25,0.35,0.4
2183,0.05,0.25,0.6,0.1,0
2184,0.3,0.65,0.05,0,0
2185,0.65,0.2,0.05,0.1,0
2186,0.05,0.05,0.3,0.35,0.25
2187,0.05,0.05,0.05,0.45,0.4
2188,0.05,0,0.25,0.6,0.1
2189,0.25,0.3,0.25,0.1,0.1
2190,0.05,0.2,0.2,0.45,0.1
2191,0,0.1,0.7,0.2,0
2192,0.25,0.6,0.1,0.05,0
2193,0.15,0.7,0.1,0,0.05
2194,0.05,0.25,0.1,0.35,0.25
2195,0.35,0.35,0.3,0,0
2196,0.05,0.45,0.3,0.15,0.05
2197,0.05,0.05,0.25,0.45,0.2
2198,0.05,0.05,0.25,0.2,0.45
2199,0.05,0.3,0.6,0.05,0
2200,0.05,0.4,0.5,0.05,0
2201,0.05,0.4,0.5,0.05,0
2202,0,0,0.05,0.35,0.6
2203,0,0.65,0.35,0,0
2204,0.1,0.65,0.25,0,0
2205,0,0.2,0.5,0.25,0.05
2206,0.05,0.65,0.25,0.05,0
2207,0,0.35,0.4,0.2,0.05
2208,0.05,0.1,0.15,0.3,0.4
2209,0.15,0.3,0.55,0,0
2210,0,0,0.15,0.4,0.45
2211,0,0.6,0.4,0,0
2212,0,0.1,0.35,0.4,0.15
2213,0.65,0.25,0.1,0,0
2214,0,0.3,0.15,0.45,0.1
2215,0.05,0.1,0.3,0.5,0.05
2216,0.25,0.65,0.05,0.05,0
2217,0.1,0.15,0.5,0.25,0
2218,0,0,0,0.3,0.7
2219,0.25,0.45,0.25,0.05,0
2220,0,0.2,0.5,0.3,0
2221,0.15,0.7,0.15,0,0
2222,0.05,0.3,0.4,0,0.25
2223,0.25,0.4,0.25,0.1,0
2224,0.1,0.15,0.45,0.3,0
2225,0,0.2,0.3,0.35,0.15
2226,0,0.1,0.45,0.35,0.1
2227,1,0,0,0,0
2228,0.1,0.7,0.2,0,0
2229,0.35,0.55,0,0.1,0
2230,0,0.3,0.4,0.3,0
2231,0.05,0,0.15,0.4,0.4
2232,0.05,0.1,0.5,0.35,0
2233,0.25,0.6,0.15,0,0
2234,0.15,0.35,0.35,0.1,0.05
2235,0.1,0.25,0.4,0.2,0.05
2236,0.6,0.3,0.1,0,0
2237,0,0,0.15,0.55,0.3
2238,0.05,0.3,0.3,0.2,0.15
2239,0.2,0.5,0.2,0.05,0.05
2240,0.25,0.4,0.25,0.1,0
2241,0,0.05,0.1,0.3,0.55
2242,0.25,0.4,0.3,0.05,0
2243,0,0.05,0.15,0.35,0.45
2244,0.2,0.55,0.2,0.05,0
2245,0.05,0.35,0.15,0.25,0.2
2246,0.3,0.1,0.45,0.1,0.05
2247,0,0.05,0.1,0.25,0.6
2248,0,0,0.05,0.2,0.75
2249,0.05,0.1,0.55,0.3,0
2250,0,0.1,0.55,0.35,0
2251,0.1,0.4,0.1,0.3,0.1
2252,0,0.05,0.45,0.45,0.05
2253,0,0,0,0.25,0.75
2254,0.15,0.35,0.25,0.1,0.15
2255,0,0.1,0.5,0.35,0.05
2256,0.05,0.4,0.45,0.1,0
2257,0.05,0.7,0.15,0.1,0
2258,0.1,0.45,0.4,0.05,0
2259,0,0,0.25,0.45,0.3
2260,0.35,0.55,0.1,0,0
2261,0.1,0.3,0.35,0.2,0.05
2262,0.15,0.2,0.6,0.05,0
2263,0,0,0,0.2,0.8
2264,0.05,0.4,0.55,0,0
2265,0,0.2,0.75,0.05,0
2266,0,0,0.15,0.3,0.55
2267,0.2,0.55,0.15,0.1,0
2268,0.15,0.45,0.3,0.1,0
2269,0,0.05,0.05,0.4,0.5
2270,0.1,0.6,0.2,0.1,0
2271,0,0.05,0.1,0.65,0.2
2272,0.25,0.3,0.3,0.15,0
2273,0,0,0.1,0.85,0.05
2274,0.1,0.4,0.25,0.2,0.05
2275,0.25,0.75,0,0,0
2276,0.25,0.7,0.05,0,0
2277,0,0.1,0.05,0,0.85
2278,0.15,0.55,0.3,0,0
2279,0.5,0.35,0.15,0,0
2280,0,0.05,0.05,0.4,0.5
2281,0.05,0.2,0.25,0.25,0.25
2282,0.15,0.3,0.4,0.15,0
2283,0,0.35,0.55,0.05,0.05
2284,0.05,0.2,0.5,0.25,0
2285,0.1,0.4,0.45,0.05,0
2286,0,0.4,0.55,0.05,0
2287,0.05,0.2,0.4,0.35,0
2288,0,0.05,0.05,0.25,0.65
2289,0.15,0.3,0.45,0.1,0
2290,0,0.25,0.3,0.45,0
2291,0,0.55,0.3,0.15,0
2292,0,0.55,0.45,0,0
2293,0,0.2,0.5,0.1,0.2
2294,0.5,0.4,0.1,0,0
2295,0,0.05,0.15,0.4,0.4
2296,0.15,0.25,0.45,0.15,0
2297,0,0,0,0.4,0.6
2298,0.15,0.75,0.1,0,0
2299,0.2,0.3,0.4,0.1,0
2300,0,0.1,0.05,0.55,0.3
2301,0.4,0.55,0.05,0,0
2302,0.15,0.7,0.15,0,0
2303,0,0,0.15,0.6,0.25
2304,0.05,0,0.05,0.6,0.3
2305,0,0,0,0,1
2306,0.05,0.15,0.35,0.15,0.3
2307,0.2,0.5,0.2,0.1,0
2308,0,0.05,0.2,0.25,0.5
2309,0.3,0.55,0.15,0,0
2310,0.1,0.45,0.25,0.15,0.05
2311,0,0,0.3,0.55,0.15
2312,0.45,0.55,0,0,0
2313,0,0,0.15,0.5,0.35
2314,0,0.55,0.25,0.2,0
2315,0,0,0.05,0.2,0.75
2316,0,0.55,0.35,0.05,0.05
2317,0.1,0.7,0.2,0,0
2318,0,0,0.3,0.6,0.1
2319,0.15,0.2,0.3,0.15,0.2
2320,0,0,0.15,0.55,0.3
2321,0.25,0.4,0.25,0,0.1
2322,0,0.15,0.25,0.55,0.05
2323,0.05,0,0.15,0.4,0.4
2324,0.25,0.15,0.3,0.2,0.1
2325,0.05,0.05,0.1,0.2,0.6
2326,0,0.05,0.35,0.45,0.15
2327,0,0.05,0.05,0.2,0.7
2328,0.1,0.3,0.4,0.1,0.1
2329,0.1,0.25,0.45,0.2,0
2330,0.1,0,0.15,0.35,0.4
2331,0.05,0.15,0.4,0.4,0
2332,0.4,0.55,0.05,0,0
2333,0.1,0.35,0.4,0,0.15
2334,0,0,0.25,0.5,0.25
2335,0,0.4,0.5,0.05,0.05
2336,0.05,0.05,0,0,0.9
2337,0,0,0.05,0.4,0.55
2338,0,0,0.05,0.45,0.5
2339,0.2,0.15,0.4,0.2,0.05
2340,0,0.1,0.6,0.3,0
2341,0,0.25,0.3,0.25,0.2
2342,0.1,0.2,0.4,0.25,0.05
2343,0,0.5,0.4,0.1,0
2344,0.2,0.45,0.15,0.2,0
2345,0,0.1,0.1,0.8,0
2346,0.3,0.65,0.05,0,0
2347,0,0,0,0.15,0.85
2348,0.3,0.45,0.25,0,0
2349,0,0,0.05,0.4,0.55
2350,0.1,0.45,0.35,0.05,0.05
2351,0.6,0.35,0.05,0,0
2352,0.15,0.65,0.1,0.1,0
2353,0,0.5,0.4,0.1,0
2354,0,0.05,0.15,0.65,0.15
2355,0.05,0.15,0.65,0.15,0
2356,0,0.15,0.55,0.3,0
2357,0,0.1,0.15,0.75,0
2358,0.95,0.05,0,0,0
2359,0.9,0.1,0,0,0
2360,0,0.1,0.6,0.3,0
2361,0,0.4,0.55,0,0.05
2362,0.4,0.5,0.1,0,0
2363,0,0,0.45,0.45,0.1
2364,0.05,0.1,0.45,0.35,0.05
2365,0.25,0.6,0.15,0,0
2366,0,0.05,0.1,0.55,0.3
2367,0,0,0.05,0.15,0.8
2368,0.1,0.45,0.4,0.05,0
2369,0.05,0.45,0.35,0.1,0.05
2370,0.05,0.25,0.5,0.15,0.05
2371,0.1,0.3,0.5,0.1,0
2372,0,0.2,0.7,0.1,0
2373,0.05,0.15,0.7,0,0.1
2374,0.1,0.45,0.15,0.2,0.1
2375,0.05,0.55,0.35,0.05,0
2376,0,0,0.2,0.4,0.4
2377,0.25,0.45,0.2,0.1,0
2378,0.25,0.65,0.1,0,0
2379,0.05,0.15,0.4,0.3,0.1
2380,0.05,0.25,0.5,0.05,0.15
2381,0,0.2,0.4,0.35,0.05
2382,0,0.1,0.65,0.25,0
2383,0.1,0.45,0.1,0.05,0.3
2384,0.05,0.2,0.3,0.4,0.05
2385,0.7,0.3,0,0,0
2386,0.1,0.7,0.15,0.05,0
2387,0.45,0.35,0.15,0.05,0
2388,0.2,0.15,0.5,0.15,0
2389,0.25,0.2,0.4,0.15,0
2390,0.1,0.55,0.35,0,0
2391,0,0.45,0.35,0.2,0
2392,0.15,0.4,0.3,0.1,0.05
2393,0.15,0.4,0.3,0.1,0.05
2394,0.05,0.3,0.4,0.2,0.05
2395,0.05,0.45,0.45,0.05,0
2396,0,0,0,0,1
2397,0.2,0.5,0.2,0.1,0
2398,0.05,0.05,0.2,0.25,0.45
2399,0.1,0.2,0.3,0.4,0
2400,0,0,0.05,0.35,0.6
2401,0.15,0.35,0.25,0.2,0.05
2402,0.05,0.2,0.45,0.2,0.1
2403,0,0.1,0.5,0.4,0
2404,0.05,0.15,0.15,0.6,0.05
2405,0,0.1,0,0.4,0.5
2406,0.1,0.2,0.45,0.15,0.1
2407,0.3,0.35,0.35,0,0
2408,0.05,0.85,0.05,0.05,0
2409,0.35,0.55,0.1,0,0
2410,0.1,0.25,0.25,0.2,0.2
2411,0.05,0.2,0.45,0.3,0
2412,0.05,0.25,0.25,0.1,0.35
2413,0.25,0.45,0.15,0.1,0.05
2414,0,0.65,0.35,0,0
2415,0.05,0.25,0.3,0.4,0
2416,0.05,0.15,0.3,0.4,0.1
2417,0.05,0.05,0.15,0.4,0.35
2418,0.55,0.35,0.1,0,0
2419,0.05,0.05,0.5,0.4,0
2420,0.75,0.25,0,0,0
2421,0,0.05,0.15,0.45,0.35
2422,0.3,0.4,0.25,0.05,0
2423,0.1,0.2,0.4,0.2,0.1
2424,0.25,0.55,0.15,0.05,0
2425,0,0.7,0.15,0.15,0
2426,0.3,0.55,0.15,0,0
2427,0.25,0.6,0.15,0,0
2428,0.15,0.4,0.3,0.15,0
2429,0.05,0.2,0.55,0.15,0.05
2430,0,0,0.3,0.55,0.15
2431,0.55,0.25,0.05,0.05,0.1
2432,0,0.05,0.15,0.5,0.3
2433,0,0.05,0,0.4,0.55
2434,0.15,0.65,0.2,0,0
2435,0,0,0.15,0.1,0.75
2436,0.1,0.35,0.4,0.15,0
2437,0.05,0.15,0.2,0.4,0.2
2438,0.1,0.25,0.15,0.45,0.05
2439,0.35,0.3,0.35,0,0
2440,0.1,0.25,0.45,0.2,0
2441,0,0.05,0.3,0.55,0.1
2442,0,0.5,0.4,0.1,0
2443,0,0.25,0.5,0.1,0.15
2444,0,0,0,0.3,0.7
2445,0,0,0,0.15,0.85
2446,0.35,0.55,0.1,0,0
2447,0,0,0.2,0.6,0.2
2448,0.15,0.3,0.3,0.2,0.05
2449,0,0.1,0.5,0.4,0
2450,0.1,0.5,0.25,0,0.15
2451,0.25,0.4,0.3,0.05,0
2452,0.75,0.25,0,0,0
2453,0,0.05,0.05,0.4,0.5
2454,0.1,0.7,0.15,0.05,0
2455,0,0,0.25,0.5,0.25
2456,0.3,0.55,0.1,0.05,0
2457,0,0.25,0.4,0.15,0.2
2458,0,0.05,0.05,0.45,0.45
2459,0.2,0.5,0.25,0.05,0
2460,0.1,0.35,0.45,0.1,0
2461,0.05,0.35,0.15,0.4,0.05
2462,0.2,0.3,0.35,0,0.15
2463,0.05,0.35,0.5,0.1,0
2464,0,0.05,0.3,0.65,0
2465,0,0,0.2,0.6,0.2
2466,0.25,0.4,0.15,0.15,0.05
2467,0,0,0.1,0.35,0.55
2468,0.1,0.3,0.4,0.2,0
2469,0.1,0.1,0.3,0.4,0.1
2470,0,0.1,0.35,0.5,0.05
2471,0.5,0.35,0.15,0,0
2472,0.1,0.45,0.25,0.2,0
2473,0,0,0.1,0.5,0.4
2474,0.2,0.25,0.4,0.15,0
2475,0,0.1,0.3,0.45,0.15
2476,0,0.05,0.05,0.45,0.45
2477,0.05,0.65,0.3,0,0
2478,0,0,0.2,0.4,0.4
2479,0,0.3,0.3,0.3,0.1
2480,0.15,0.4,0.3,0.15,0
2481,0.35,0.55,0.1,0,0
2482,0,0,0.05,0.3,0.65
2483,0.05,0.05,0.45,0.35,0.1
2484,0.05,0.55,0.25,0.1,0.05
2485,0.55,0.4,0.05,0,0
2486,0.05,0.3,0.25,0.4,0
2487,0.1,0.2,0.4,0.3,0
2488,0.15,0.55,0.3,0,0
2489,0.1,0.2,0.45,0.25,0
2490,0.05,0.25,0.35,0.3,0.05
2491,0.25,0.65,0,0.1,0
2492,0,0.05,0.3,0.65,0
2493,0,0.25,0.45,0.15,0.15
2494,0.15,0.25,0.4,0.2,0
2495,0.6,0.3,0.1,0,0
2496,0.05,0.05,0.7,0.15,0.05
2497,0.25,0.45,0.2,0.1,0
2498,0,0.05,0.2,0.45,0.3
2499,0,0.05,0.15,0.15,0.65
2500,0,0.05,0.3,0.55,0.1
2501,0,0.25,0.5,0.2,0.05
2502,0,0,0,0.4,0.6
